brand,model,category
EMC,Celerra NS40G DC NEBS,Storage
EMC,Celerra NS-480,Storage
EMC,Celerra NS500,Storage
EMC,Celerra NS600,Storage
EMC,Celerra NS700 (1st generation),Storage
EMC,Celerra NS700 (2nd generation),Storage
EMC,Celerra NS704 (Integrated),Storage
EMC,Celerra NS80 (Integrated),Storage
EMC,Celerra NS80G,Storage
EMC,Celerra NS-960,Storage
EMC,Celerra NX4,Storage
EMC,CLARiiON AX-100,Storage
EMC,CLARiiON AX-150,Storage
EMC,CLARiiON AX4-5,Storage
EMC,CLARiiON CX200,Storage
EMC,CLARiiON CX300,Storage
EMC,CLARiiON CX3-10,Storage
EMC,CLARiiON CX3-20,Storage
EMC,CLARiiON CX3-40,Storage
EMC,CLARiiON CX3-80,Storage
EMC,CLARiiON CX400,Storage
EMC,CLARiiON CX4-120,Storage
EMC,CLARiiON CX4-240,Storage
EMC,CLARiiON CX4-480,Storage
EMC,CLARiiON CX4-960,Storage
EMC,CLARiiON CX500,Storage
EMC,CLARiiON CX600,Storage
EMC,CLARiiON CX700,Storage
EMC,CLARiiON FC4500,Storage
EMC,CLARiiON FC4700,Storage
EMC,CLARiiON FC5700,Storage
EMC,Connectrix Brocade DS-16B2,Network
EMC,Connectrix Brocade DS-16B3,Network
EMC,Connectrix Brocade DS-220B,Network
EMC,Connectrix Brocade DS-300B (4G Switch),Network
EMC,Connectrix Brocade DS-300B-8G (8G Switch),Network
EMC,Connectrix Brocade DS-32B2,Network
EMC,Connectrix Brocade DS-4100B,Network
EMC,Connectrix Brocade DS-4900B,Network
EMC,Connectrix Brocade DS-5000B,Network
EMC,Connectrix Brocade DS-5100B (4G Switch),Network
EMC,Connectrix Brocade DS-5100B-8G (8G Switch),Network
EMC,Connectrix Brocade DS-5100B-EP,Network
EMC,Connectrix Brocade DS-5300B (4G Switch),Network
EMC,Connectrix Brocade DS-5300B-8G (8G Switch),Network
EMC,Connectrix Brocade DS-6505-R-B,Network
EMC,Connectrix Brocade DS-6505R-B-8G,Network
EMC,Connectrix Brocade DS-6505R-B-EP,Network
EMC,Connectrix Brocade DS-6510F-8GB,Network
EMC,Connectrix Brocade DS-6510F-B,Network
EMC,Connectrix Brocade DS-6510R-8GB,Network
EMC,Connectrix Brocade DS-6510R-B,Network
EMC,Connectrix Brocade DS-6510R-B-EP,Network
EMC,Connectrix Brocade DS-6520F-8GB,Network
EMC,Connectrix Brocade DS-6520F-B,Network
EMC,Connectrix Brocade DS-6520R-8GB,Network
EMC,Connectrix Brocade DS-6520R-B,Network
EMC,Connectrix Brocade DS-8B,Network
EMC,Connectrix Brocade DS-8B2,Network
EMC,Connectrix Brocade DS-8B3,Network
EMC,Connectrix Brocade ED-12000B,Network
EMC,Connectrix Brocade ED-24000B,Network
EMC,Connectrix Brocade ED-48000B,Network
EMC,Connectrix Brocade ED-DCX-4S-B,Network
EMC,Connectrix Brocade ED-DCX8510-4B,Network
EMC,Connectrix Brocade ED-DCX8510-8B,Network
EMC,Connectrix Brocade ED-DCX-B,Network
EMC,Connectrix Brocade ES-5832B,Network
EMC,Connectrix Brocade MP-7500B,Network
EMC,Connectrix Brocade MP-7800B,Network
EMC,Connectrix Brocade MP-8000B,Network
EMC,Connectrix Brocade PB-12000-16,Network
EMC,Connectrix Brocade PB-24000-16,Network
EMC,Connectrix Brocade PB-48000B-16,Network
EMC,Connectrix Brocade PB-48000B-32,Network
EMC,Connectrix Brocade PB-48K-10G-6,Network
EMC,Connectrix Brocade PB-48K-16IP,Network
EMC,Connectrix Brocade PB-48K-18i,Network
EMC,Connectrix Brocade PB-48K-48,Network
EMC,Connectrix Brocade PB-48K-AP4-18,Network
EMC,Connectrix Brocade PB48K-AP4-18U,Network
EMC,Connectrix Brocade PB-DCX-16EB,Network
EMC,Connectrix Brocade PB-DCX-24FCOE,Network
EMC,Connectrix Brocade PB-DCX-32P16G,Network
EMC,Connectrix Brocade PB-DCX-32P8GM,Network
EMC,Connectrix Brocade PB-DCX32P8GME,Network
EMC,Connectrix Brocade PB-DCX32P8GMU,Network
EMC,Connectrix Brocade PB-DCX-48P16G,Network
EMC,Connectrix Brocade PB-DCX-48P8GM,Network
EMC,Connectrix Brocade PB-DCX48P8GME,Network
EMC,Connectrix Brocade PB-DCX48P8GMU,Network
EMC,Connectrix Brocade PB-DCX-FX8-24,Network
EMC,Connectrix Brocade PD-DCX-16P-4G,Network
EMC,Connectrix Brocade PD-DCX-16P-8G,Network
EMC,Connectrix Brocade PD-DCX-32P-4G,Network
EMC,Connectrix Brocade PD-DCX-32P-8G,Network
EMC,Connectrix Brocade PD-DCX-48P-4G,Network
EMC,Connectrix Brocade PD-DCX-48P-8G,Network
EMC,Connectrix Brocade PD-DCX-FC8-64,Network
EMC,Connectrix Cisco MDS-9120,Network
EMC,Connectrix Cisco MDS-9124,Network
EMC,Connectrix Cisco MDS-9134,Network
EMC,Connectrix Cisco MDS-9140,Network
EMC,Connectrix Cisco MDS-9148,Network
EMC,Connectrix Cisco MDS-9216,Network
EMC,Connectrix Cisco MDS-9216A,Network
EMC,Connectrix Cisco MDS-9216I,Network
EMC,Connectrix Cisco MDS-9222I,Network
EMC,Connectrix Cisco MDS-9506 (with V1 Supervisor cards),Network
EMC,Connectrix Cisco MDS-9506-V2 (with Supervisor 2 cards),Network
EMC,Connectrix Cisco MDS-9509 (with V1 Supervisor cards),Network
EMC,Connectrix Cisco MDS-9509-V2 (with Supervisor 2 cards),Network
EMC,Connectrix Cisco MDS-9513,Network
EMC,Connectrix Cisco MDS-9513-FAB2,Network
EMC,Connectrix Cisco MDS-9513-FAB3,Network
EMC,Connectrix Cisco MDS-9710,Network
EMC,Connectrix Cisco MDS-9Q20,Network
EMC,Connectrix Cisco MDS-FCOE-8,Network
EMC,Connectrix Cisco MDS-PBF-12SW,Network
EMC,Connectrix Cisco MDS-PBF-16,Network
EMC,Connectrix Cisco MDS-PBF-16LW,Network
EMC,Connectrix Cisco MDS-PBF-24-8G,Network
EMC,Connectrix Cisco MDS-PBF-24LR,Network
EMC,Connectrix Cisco MDS-PBF-24MR,Network
EMC,Connectrix Cisco MDS-PBF-24SW,Network
EMC,Connectrix Cisco MDS-PBF-32,Network
EMC,Connectrix Cisco MDS-PBF-32ADV,Network
EMC,Connectrix Cisco MDS-PBF-4/SR/LR,Network
EMC,Connectrix Cisco MDS-PBF-44-8G,Network
EMC,Connectrix Cisco MDS-PBF-48-8G,Network
EMC,Connectrix Cisco MDS-PBF-48ADV,Network
EMC,Connectrix Cisco MDS-PBF-48SW,Network
EMC,Connectrix Cisco MDS-PBF-4LR,Network
EMC,Connectrix Cisco MDS-PBF-4SR,Network
EMC,Connectrix Cisco MDS-PBFI-1402,Network
EMC,Connectrix Cisco MDS-PBFI-1804,Network
EMC,Connectrix Cisco MDS-PBI-08,Network
EMC,Connectrix Cisco MDS-PBI-4,Network
EMC,Connectrix Cisco MDS-SSM-32,Network
EMC,Connectrix Cisco MDS-SSN-16,Network
EMC,Connectrix McData DS-16M,Network
EMC,Connectrix McData DS-16M2,Network
EMC,Connectrix McData DS-24M2,Network
EMC,Connectrix McData DS-32M,Network
EMC,Connectrix McData DS-32M2,Network
EMC,Connectrix McData DS-4400M,Network
EMC,Connectrix McData DS-4700M,Network
EMC,Connectrix McData ED-10000M,Network
EMC,Connectrix McData ED-1032M,Network
EMC,Connectrix McData ED-10KM-164L,Network
EMC,Connectrix McData ED-10KM-164S,Network
EMC,Connectrix McData ED-10KM-164SU,Network
EMC,Connectrix McData ED-10KM-242L,Network
EMC,Connectrix McData ED-10KM-242LU,Network
EMC,Connectrix McData ED-10KM-242SU,Network
EMC,Connectrix McData ED-10KM-242U,Network
EMC,Connectrix McData ED-10KM-320L,Network
EMC,Connectrix McData ED-10KM-320LU,Network
EMC,Connectrix McData ED-10KM-320S,Network
EMC,Connectrix McData ED-10KM-320SU,Network
EMC,Connectrix McData ED-10KM432L4,Network
EMC,Connectrix McData ED-10KM432L4U,Network
EMC,Connectrix McData ED-10KM432LX,Network
EMC,Connectrix McData ED-10KM432LXU,Network
EMC,Connectrix McData ED-10KM432SW,Network
EMC,Connectrix McData ED-10KM432SWU,Network
EMC,Connectrix McData ED-10KM-CBLDOM,Network
EMC,Connectrix McData ED-10KM-CBLINT,Network
EMC,Connectrix McData ED-10KM-LMPNL,Network
EMC,Connectrix McData ED-10KM-RLKT,Network
EMC,Connectrix McData ED-10KM-SMPNL,Network
EMC,Connectrix McData ED-10KM-SWM,Network
EMC,Connectrix McData ED-10KM-SWX,Network
EMC,Connectrix McData ED-140M,Network
EMC,Connectrix McData ED-140MCUP,Network
EMC,Connectrix McData ED-6064,Network
EMC,Connectrix McData ED-64M,Network
EMC,Connectrix McData ED-64MCUP,Network
EMC,Data Domain DD120,Appliances
EMC,Data Domain DD140,Appliances
EMC,Data Domain DD160,Appliances
EMC,Data Domain DD200,Appliances
EMC,Data Domain DD410,Appliances
EMC,Data Domain DD430,Appliances
EMC,Data Domain DD460,Appliances
EMC,Data Domain DD460G,Appliances
EMC,Data Domain DD510,Appliances
EMC,Data Domain DD530,Appliances
EMC,Data Domain DD560,Appliances
EMC,Data Domain DD560G,Appliances
EMC,Data Domain DD565,Appliances
EMC,Data Domain DD580,Appliances
EMC,Data Domain DD580G,Appliances
EMC,Data Domain DD610,Appliances
EMC,Data Domain DD620,Appliances
EMC,Data Domain DD630,Appliances
EMC,Data Domain DD640,Appliances
EMC,Data Domain DD660,Appliances
EMC,Data Domain DD670,Appliances
EMC,Data Domain DD690,Appliances
EMC,Data Domain DD690G,Appliances
EMC,Data Domain DD860,Appliances
EMC,Data Domain DD880,Appliances
EMC,Data Domain DD880G,Appliances
EMC,Data Domain DD890,Appliances
EMC,Data Domain DD990,Appliances
EMC,Data Domain ES20,Appliances
EMC,Data Domain ES30,Appliances
EMC,DSSD-CBL-1MC,Storage
EMC,DSSD-CBL-2MC,Storage
EMC,DSSD-CBL-3MC,Storage
EMC,DSSD-CBL-4MC,Storage
EMC,DSSD-CX-1-2PORT-H,Storage
EMC,DSSD-CX-1-2PORT-L,Storage
EMC,DSSD-CX-1-BRKH-SP,Storage
EMC,DSSD-CX-1-BRKL-SP,Storage
EMC,DSSD-D5-1-2T18,Storage
EMC,DSSD-D5-1-2T36,Storage
EMC,DSSD-D5-1-4T18,Storage
EMC,DSSD-D5-1-4T36,Storage
EMC,DSSD-D5-1-CM-SP,Storage
EMC,DSSD-D5-1-FAN-SP,Storage
EMC,DSSD-D5-1-IOM-SP,Storage
EMC,DSSD-D5-1-PS-SP,Storage
EMC,DSSD-D5-2-4T18,Storage
EMC,DSSD-D5-2-4T36,Storage
EMC,DSSD-D5-2-8T18,Storage
EMC,DSSD-D5-2-8T36,Storage
EMC,DSSD-FM-1-2T18,Storage
EMC,DSSD-FM-1-2T-SP,Storage
EMC,DSSD-FM-1-4T18,Storage
EMC,DSSD-FM-1-4T-SP,Storage
EMC,DSSD-FM-2-4T18,Storage
EMC,DSSD-FM-2-8T18,Storage
EMC,DSSD-MP-1-CMA,Storage
EMC,ISILON HD400-RACK-S17,Storage
EMC,ISILON HD400-RACK-S18,Storage
EMC,ISILON HD400-RACK-S37,Storage
EMC,ISILON HD400-RACK-S38,Storage
EMC,ISILON HD400-RACK-S39,Storage
EMC,ISILON HD400-RACK-S40,Storage
EMC,ISILON HD400-SATA-E07,Storage
EMC,ISILON HD400-SATA-E08,Storage
EMC,ISILON HD400-SATA-E09,Storage
EMC,ISILON HD400-SATA-E10,Storage
EMC,ISILON HD400-SATA-S17,Storage
EMC,ISILON HD400-SATA-S18,Storage
EMC,ISILON HD400-SATA-S39,Storage
EMC,ISILON HD400-SATA-S40,Storage
EMC,ISILON NL410-SAT-002,Storage
EMC,ISILON NL410-SAT-003,Storage
EMC,ISILON NL410-SAT-005,Storage
EMC,ISILON NL410-SAT-006,Storage
EMC,ISILON NL410-SAT-008,Storage
EMC,ISILON NL410-SAT-009,Storage
EMC,ISILON NL410-SAT-011,Storage
EMC,ISILON NL410-SAT-012,Storage
EMC,ISILON NL410-SAT-E02,Storage
EMC,ISILON NL410-SAT-E03,Storage
EMC,ISILON NL410-SAT-E04,Storage
EMC,ISILON NL410-SAT-E05,Storage
EMC,ISILON NL410-SAT-E06,Storage
EMC,ISILON NL410-SAT-E08,Storage
EMC,ISILON NL410-SAT-E09,Storage
EMC,ISILON NL410-SAT-E11,Storage
EMC,ISILON NL410-SAT-E12,Storage
EMC,ISILON NL410-SAT-E31,Storage
EMC,ISILON NL410-SAT-E32,Storage
EMC,ISILON NL410-SAT-E33,Storage
EMC,ISILON NL410-SAT-E34,Storage
EMC,ISILON NL410-SAT-S05,Storage
EMC,ISILON NL410-SAT-S06,Storage
EMC,ISILON NL410-SAT-S08,Storage
EMC,ISILON NL410-SAT-S09,Storage
EMC,ISILON NL410-SAT-S11,Storage
EMC,ISILON NL410-SAT-S12,Storage
EMC,ISILON NL410-SAT-S16,Storage
EMC,ISILON NL410-SAT-S17,Storage
EMC,ISILON NL410-SAT-S18,Storage
EMC,ISILON NL410-SAT-S37,Storage
EMC,ISILON NL410-SAT-S38,Storage
EMC,ISILON NL410-SAT-S40,Storage
EMC,ISILON NL410-SAT-S41,Storage
EMC,ISILON NL410-SAT-S42,Storage
EMC,ISILON NL410-SAT-S43,Storage
EMC,ISILON NL410-SAT-S44,Storage
EMC,ISILON NL410-SAT-S45,Storage
EMC,ISILON NL410-SAT-S47,Storage
EMC,ISILON S210-SAS-001,Storage
EMC,ISILON S210-SAS-002,Storage
EMC,ISILON S210-SAS-003,Storage
EMC,ISILON S210-SAS-004,Storage
EMC,ISILON S210-SAS-005,Storage
EMC,ISILON S210-SAS-006,Storage
EMC,ISILON S210-SAS-007,Storage
EMC,ISILON S210-SAS-008,Storage
EMC,ISILON S210-SAS-009,Storage
EMC,ISILON S210-SAS-010,Storage
EMC,ISILON S210-SAS-011,Storage
EMC,ISILON S210-SAS-012,Storage
EMC,ISILON S210-SAS-013,Storage
EMC,ISILON S210-SAS-014,Storage
EMC,ISILON S210-SAS-015,Storage
EMC,ISILON S210-SAS-016,Storage
EMC,ISILON S210-SAS-017,Storage
EMC,ISILON S210-SAS-018,Storage
EMC,ISILON S210-SAS-019,Storage
EMC,ISILON S210-SAS-020,Storage
EMC,ISILON S210-SAS-021,Storage
EMC,ISILON S210-SAS-022,Storage
EMC,ISILON S210-SAS-023,Storage
EMC,ISILON S210-SAS-025,Storage
EMC,ISILON S210-SAS-026,Storage
EMC,ISILON S210-SAS-E01,Storage
EMC,ISILON S210-SAS-E02,Storage
EMC,ISILON S210-SAS-E03,Storage
EMC,ISILON S210-SAS-E04,Storage
EMC,ISILON S210-SAS-E05,Storage
EMC,ISILON S210-SAS-E06,Storage
EMC,ISILON S210-SAS-E07,Storage
EMC,ISILON S210-SAS-E08,Storage
EMC,ISILON S210-SAS-E09,Storage
EMC,ISILON S210-SAS-E10,Storage
EMC,ISILON S210-SAS-E11,Storage
EMC,ISILON S210-SAS-E12,Storage
EMC,ISILON S210-SAS-E13,Storage
EMC,ISILON S210-SAS-E14,Storage
EMC,ISILON S210-SAS-E15,Storage
EMC,ISILON S210-SAS-E16,Storage
EMC,ISILON S210-SAS-E17,Storage
EMC,ISILON S210-SAS-E18,Storage
EMC,ISILON S210-SAS-E19,Storage
EMC,ISILON S210-SAS-E20,Storage
EMC,ISILON S210-SAS-E21,Storage
EMC,ISILON S210-SAS-E22,Storage
EMC,ISILON S210-SAS-E23,Storage
EMC,ISILON S210-SAS-E24,Storage
EMC,ISILON S210-SAS-E25,Storage
EMC,ISILON S210-SAS-E26,Storage
EMC,ISILON S210-SAS-E27,Storage
EMC,ISILON S210-SAS-E28,Storage
EMC,ISILON S210-SAS-E29,Storage
EMC,ISILON S210-SAS-E30,Storage
EMC,ISILON S210-SAS-E31,Storage
EMC,ISILON S210-SAS-E32,Storage
EMC,ISILON S210-SAS-E33,Storage
EMC,ISILON S210-SAS-E34,Storage
EMC,ISILON S210-SAS-E35,Storage
EMC,ISILON S210-SAS-E36,Storage
EMC,ISILON S210-SAS-S01,Storage
EMC,ISILON S210-SAS-S02,Storage
EMC,ISILON S210-SAS-S03,Storage
EMC,ISILON S210-SAS-S04,Storage
EMC,ISILON S210-SAS-S05,Storage
EMC,ISILON S210-SAS-S06,Storage
EMC,ISILON S210-SAS-S07,Storage
EMC,ISILON S210-SAS-S08,Storage
EMC,ISILON S210-SAS-S09,Storage
EMC,ISILON S210-SAS-S10,Storage
EMC,ISILON S210-SAS-S100,Storage
EMC,ISILON S210-SAS-S101,Storage
EMC,ISILON S210-SAS-S102,Storage
EMC,ISILON S210-SAS-S103,Storage
EMC,ISILON S210-SAS-S104,Storage
EMC,ISILON S210-SAS-S105,Storage
EMC,ISILON S210-SAS-S106,Storage
EMC,ISILON S210-SAS-S107,Storage
EMC,ISILON S210-SAS-S108,Storage
EMC,ISILON S210-SAS-S109,Storage
EMC,ISILON S210-SAS-S11,Storage
EMC,ISILON S210-SAS-S110,Storage
EMC,ISILON S210-SAS-S111,Storage
EMC,ISILON S210-SAS-S112,Storage
EMC,ISILON S210-SAS-S113,Storage
EMC,ISILON S210-SAS-S114,Storage
EMC,ISILON S210-SAS-S115,Storage
EMC,ISILON S210-SAS-S116,Storage
EMC,ISILON S210-SAS-S117,Storage
EMC,ISILON S210-SAS-S118,Storage
EMC,ISILON S210-SAS-S119,Storage
EMC,ISILON S210-SAS-S12,Storage
EMC,ISILON S210-SAS-S120,Storage
EMC,ISILON S210-SAS-S121,Storage
EMC,ISILON S210-SAS-S122,Storage
EMC,ISILON S210-SAS-S123,Storage
EMC,ISILON S210-SAS-S124,Storage
EMC,ISILON S210-SAS-S125,Storage
EMC,ISILON S210-SAS-S126,Storage
EMC,ISILON S210-SAS-S127,Storage
EMC,ISILON S210-SAS-S128,Storage
EMC,ISILON S210-SAS-S129,Storage
EMC,ISILON S210-SAS-S13,Storage
EMC,ISILON S210-SAS-S130,Storage
EMC,ISILON S210-SAS-S131,Storage
EMC,ISILON S210-SAS-S132,Storage
EMC,ISILON S210-SAS-S133,Storage
EMC,ISILON S210-SAS-S134,Storage
EMC,ISILON S210-SAS-S135,Storage
EMC,ISILON S210-SAS-S136,Storage
EMC,ISILON S210-SAS-S137,Storage
EMC,ISILON S210-SAS-S138,Storage
EMC,ISILON S210-SAS-S139,Storage
EMC,ISILON S210-SAS-S14,Storage
EMC,ISILON S210-SAS-S140,Storage
EMC,ISILON S210-SAS-S141,Storage
EMC,ISILON S210-SAS-S142,Storage
EMC,ISILON S210-SAS-S143,Storage
EMC,ISILON S210-SAS-S144,Storage
EMC,ISILON S210-SAS-S145,Storage
EMC,ISILON S210-SAS-S146,Storage
EMC,ISILON S210-SAS-S147,Storage
EMC,ISILON S210-SAS-S148,Storage
EMC,ISILON S210-SAS-S149,Storage
EMC,ISILON S210-SAS-S15,Storage
EMC,ISILON S210-SAS-S150,Storage
EMC,ISILON S210-SAS-S151,Storage
EMC,ISILON S210-SAS-S152,Storage
EMC,ISILON S210-SAS-S153,Storage
EMC,ISILON S210-SAS-S154,Storage
EMC,ISILON S210-SAS-S155,Storage
EMC,ISILON S210-SAS-S156,Storage
EMC,ISILON S210-SAS-S157,Storage
EMC,ISILON S210-SAS-S158,Storage
EMC,ISILON S210-SAS-S159,Storage
EMC,ISILON S210-SAS-S16,Storage
EMC,ISILON S210-SAS-S160,Storage
EMC,ISILON S210-SAS-S161,Storage
EMC,ISILON S210-SAS-S162,Storage
EMC,ISILON S210-SAS-S163,Storage
EMC,ISILON S210-SAS-S164,Storage
EMC,ISILON S210-SAS-S165,Storage
EMC,ISILON S210-SAS-S166,Storage
EMC,ISILON S210-SAS-S167,Storage
EMC,ISILON S210-SAS-S168,Storage
EMC,ISILON S210-SAS-S169,Storage
EMC,ISILON S210-SAS-S17,Storage
EMC,ISILON S210-SAS-S170,Storage
EMC,ISILON S210-SAS-S171,Storage
EMC,ISILON S210-SAS-S172,Storage
EMC,ISILON S210-SAS-S173,Storage
EMC,ISILON S210-SAS-S174,Storage
EMC,ISILON S210-SAS-S175,Storage
EMC,ISILON S210-SAS-S176,Storage
EMC,ISILON S210-SAS-S177,Storage
EMC,ISILON S210-SAS-S178,Storage
EMC,ISILON S210-SAS-S179,Storage
EMC,ISILON S210-SAS-S18,Storage
EMC,ISILON S210-SAS-S180,Storage
EMC,ISILON S210-SAS-S181,Storage
EMC,ISILON S210-SAS-S182,Storage
EMC,ISILON S210-SAS-S183,Storage
EMC,ISILON S210-SAS-S184,Storage
EMC,ISILON S210-SAS-S185,Storage
EMC,ISILON S210-SAS-S186,Storage
EMC,ISILON S210-SAS-S187,Storage
EMC,ISILON S210-SAS-S188,Storage
EMC,ISILON S210-SAS-S189,Storage
EMC,ISILON S210-SAS-S19,Storage
EMC,ISILON S210-SAS-S190,Storage
EMC,ISILON S210-SAS-S191,Storage
EMC,ISILON S210-SAS-S192,Storage
EMC,ISILON S210-SAS-S193,Storage
EMC,ISILON S210-SAS-S194,Storage
EMC,ISILON S210-SAS-S195,Storage
EMC,ISILON S210-SAS-S196,Storage
EMC,ISILON S210-SAS-S197,Storage
EMC,ISILON S210-SAS-S198,Storage
EMC,ISILON S210-SAS-S199,Storage
EMC,ISILON S210-SAS-S20,Storage
EMC,ISILON S210-SAS-S200,Storage
EMC,ISILON S210-SAS-S201,Storage
EMC,ISILON S210-SAS-S202,Storage
EMC,ISILON S210-SAS-S203,Storage
EMC,ISILON S210-SAS-S204,Storage
EMC,ISILON S210-SAS-S205,Storage
EMC,ISILON S210-SAS-S206,Storage
EMC,ISILON S210-SAS-S207,Storage
EMC,ISILON S210-SAS-S208,Storage
EMC,ISILON S210-SAS-S209,Storage
EMC,ISILON S210-SAS-S21,Storage
EMC,ISILON S210-SAS-S210,Storage
EMC,ISILON S210-SAS-S211,Storage
EMC,ISILON S210-SAS-S212,Storage
EMC,ISILON S210-SAS-S213,Storage
EMC,ISILON S210-SAS-S214,Storage
EMC,ISILON S210-SAS-S215,Storage
EMC,ISILON S210-SAS-S216,Storage
EMC,ISILON S210-SAS-S217,Storage
EMC,ISILON S210-SAS-S218,Storage
EMC,ISILON S210-SAS-S219,Storage
EMC,ISILON S210-SAS-S22,Storage
EMC,ISILON S210-SAS-S220,Storage
EMC,ISILON S210-SAS-S221,Storage
EMC,ISILON S210-SAS-S222,Storage
EMC,ISILON S210-SAS-S223,Storage
EMC,ISILON S210-SAS-S224,Storage
EMC,ISILON S210-SAS-S225,Storage
EMC,ISILON S210-SAS-S226,Storage
EMC,ISILON S210-SAS-S227,Storage
EMC,ISILON S210-SAS-S228,Storage
EMC,ISILON S210-SAS-S23,Storage
EMC,ISILON S210-SAS-S24,Storage
EMC,ISILON S210-SAS-S25,Storage
EMC,ISILON S210-SAS-S26,Storage
EMC,ISILON S210-SAS-S27,Storage
EMC,ISILON S210-SAS-S28,Storage
EMC,ISILON S210-SAS-S29,Storage
EMC,ISILON S210-SAS-S30,Storage
EMC,ISILON S210-SAS-S31,Storage
EMC,ISILON S210-SAS-S32,Storage
EMC,ISILON S210-SAS-S33,Storage
EMC,ISILON S210-SAS-S34,Storage
EMC,ISILON S210-SAS-S35,Storage
EMC,ISILON S210-SAS-S36,Storage
EMC,ISILON S210-SAS-S37,Storage
EMC,ISILON S210-SAS-S38,Storage
EMC,ISILON S210-SAS-S39,Storage
EMC,ISILON S210-SAS-S40,Storage
EMC,ISILON S210-SAS-S41,Storage
EMC,ISILON S210-SAS-S42,Storage
EMC,ISILON S210-SAS-S43,Storage
EMC,ISILON S210-SAS-S44,Storage
EMC,ISILON S210-SAS-S45,Storage
EMC,ISILON S210-SAS-S46,Storage
EMC,ISILON S210-SAS-S47,Storage
EMC,ISILON S210-SAS-S48,Storage
EMC,ISILON S210-SAS-S49,Storage
EMC,ISILON S210-SAS-S50,Storage
EMC,ISILON S210-SAS-S51,Storage
EMC,ISILON S210-SAS-S52,Storage
EMC,ISILON S210-SAS-S53,Storage
EMC,ISILON S210-SAS-S54,Storage
EMC,ISILON S210-SAS-S55,Storage
EMC,ISILON S210-SAS-S56,Storage
EMC,ISILON S210-SAS-S57,Storage
EMC,ISILON S210-SAS-S58,Storage
EMC,ISILON S210-SAS-S59,Storage
EMC,ISILON S210-SAS-S60,Storage
EMC,ISILON S210-SAS-S61,Storage
EMC,ISILON S210-SAS-S62,Storage
EMC,ISILON S210-SAS-S63,Storage
EMC,ISILON S210-SAS-S64,Storage
EMC,ISILON S210-SAS-S65,Storage
EMC,ISILON S210-SAS-S66,Storage
EMC,ISILON S210-SAS-S67,Storage
EMC,ISILON S210-SAS-S68,Storage
EMC,ISILON S210-SAS-S69,Storage
EMC,ISILON S210-SAS-S70,Storage
EMC,ISILON S210-SAS-S71,Storage
EMC,ISILON S210-SAS-S72,Storage
EMC,ISILON S210-SAS-S73,Storage
EMC,ISILON S210-SAS-S91,Storage
EMC,ISILON S210-SAS-S96,Storage
EMC,ISILON S210-SAS-S97,Storage
EMC,ISILON S210-SAS-S98,Storage
EMC,ISILON S210-SAS-S99,Storage
EMC,ISILON S210-SSD-001,Storage
EMC,ISILON S210-SSD-002,Storage
EMC,ISILON S210-SSD-003,Storage
EMC,ISILON S210-SSD-004,Storage
EMC,ISILON S210-SSD-005,Storage
EMC,ISILON S210-SSD-006,Storage
EMC,ISILON S210-SSD-007,Storage
EMC,ISILON S210-SSD-008,Storage
EMC,ISILON S210-SSD-009,Storage
EMC,ISILON S210-SSD-010,Storage
EMC,ISILON S210-SSD-011,Storage
EMC,ISILON S210-SSD-012,Storage
EMC,ISILON S210-SSD-013,Storage
EMC,ISILON S210-SSD-014,Storage
EMC,ISILON S210-SSD-015,Storage
EMC,ISILON S210-SSD-016,Storage
EMC,ISILON S210-SSD-017,Storage
EMC,ISILON S210-SSD-018,Storage
EMC,ISILON S210-SSD-019,Storage
EMC,ISILON S210-SSD-020,Storage
EMC,ISILON X210-SAS-E02,Storage
EMC,ISILON X210-SAS-E03,Storage
EMC,ISILON X210-SAS-E05,Storage
EMC,ISILON X210-SAS-E06,Storage
EMC,ISILON X210-SAS-E08,Storage
EMC,ISILON X210-SAS-E09,Storage
EMC,ISILON X210-SAS-E11,Storage
EMC,ISILON X210-SAS-E12,Storage
EMC,ISILON X210-SAS-E14,Storage
EMC,ISILON X210-SAS-E15,Storage
EMC,ISILON X210-SAS-E17,Storage
EMC,ISILON X210-SAS-E18,Storage
EMC,ISILON X210-SAS-E20,Storage
EMC,ISILON X210-SAS-E21,Storage
EMC,ISILON X210-SATA-003,Storage
EMC,ISILON X210-SATA-004,Storage
EMC,ISILON X210-SATA-006,Storage
EMC,ISILON X210-SATA-007,Storage
EMC,ISILON X210-SATA-008,Storage
EMC,ISILON X210-SATA-010,Storage
EMC,ISILON X210-SATA-011,Storage
EMC,ISILON X210-SATA-012,Storage
EMC,ISILON X210-SATA-014,Storage
EMC,ISILON X210-SATA-015,Storage
EMC,ISILON X210-SATA-S01,Storage
EMC,ISILON X210-SATA-S03,Storage
EMC,ISILON X210-SATA-S04,Storage
EMC,ISILON X210-SATA-S07,Storage
EMC,ISILON X210-SATA-S08,Storage
EMC,ISILON X210-SATA-S10,Storage
EMC,ISILON X210-SATA-S12,Storage
EMC,ISILON X210-SATA-S13,Storage
EMC,ISILON X210-SATA-S14,Storage
EMC,ISILON X210-SATA-S15,Storage
EMC,ISILON X210-SATA-S18,Storage
EMC,ISILON X210-SATA-S19,Storage
EMC,ISILON X210-SATA-S21,Storage
EMC,ISILON X210-SATA-S22,Storage
EMC,ISILON X210-SATA-S23,Storage
EMC,ISILON X210-SATA-S25,Storage
EMC,ISILON X210-SATA-S26,Storage
EMC,ISILON X210-SATA-S28,Storage
EMC,ISILON X210-SATA-S29,Storage
EMC,ISILON X210-SATA-S32,Storage
EMC,ISILON X210-SATA-S33,Storage
EMC,ISILON X210-SATA-S34,Storage
EMC,ISILON X210-SATA-S35,Storage
EMC,ISILON X210-SATA-S37,Storage
EMC,ISILON X210-SATA-S38,Storage
EMC,ISILON X210-SATA-S40,Storage
EMC,ISILON X210-SATA-S41,Storage
EMC,ISILON X210-SATA-S43,Storage
EMC,ISILON X210-SATA-S44,Storage
EMC,ISILON X210-SATA-S46,Storage
EMC,ISILON X210-SATA-S47,Storage
EMC,ISILON X210-SATA-S49,Storage
EMC,ISILON X210-SATA-S50,Storage
EMC,ISILON X410-SAS-E01,Storage
EMC,ISILON X410-SAS-E02,Storage
EMC,ISILON X410-SAS-E03,Storage
EMC,ISILON X410-SAS-E04,Storage
EMC,ISILON X410-SAS-E05,Storage
EMC,ISILON X410-SAS-E06,Storage
EMC,ISILON X410-SAS-E07,Storage
EMC,ISILON X410-SAS-E08,Storage
EMC,ISILON X410-SAS-E09,Storage
EMC,ISILON X410-SAS-E10,Storage
EMC,ISILON X410-SAS-E100,Storage
EMC,ISILON X410-SAS-E101,Storage
EMC,ISILON X410-SAS-E102,Storage
EMC,ISILON X410-SAS-E103,Storage
EMC,ISILON X410-SAS-E104,Storage
EMC,ISILON X410-SAS-E105,Storage
EMC,ISILON X410-SAS-E106,Storage
EMC,ISILON X410-SAS-E107,Storage
EMC,ISILON X410-SAS-E108,Storage
EMC,ISILON X410-SAS-E109,Storage
EMC,ISILON X410-SAS-E11,Storage
EMC,ISILON X410-SAS-E110,Storage
EMC,ISILON X410-SAS-E111 ,Storage
EMC,ISILON X410-SAS-E112,Storage
EMC,ISILON X410-SAS-E113,Storage
EMC,ISILON X410-SAS-E114,Storage
EMC,ISILON X410-SAS-E115,Storage
EMC,ISILON X410-SAS-E116,Storage
EMC,ISILON X410-SAS-E12,Storage
EMC,ISILON X410-SAS-E13,Storage
EMC,ISILON X410-SAS-E14,Storage
EMC,ISILON X410-SAS-E15,Storage
EMC,ISILON X410-SAS-E16,Storage
EMC,ISILON X410-SAS-E17,Storage
EMC,ISILON X410-SAS-E18,Storage
EMC,ISILON X410-SAS-E19,Storage
EMC,ISILON X410-SAS-E20,Storage
EMC,ISILON X410-SAS-E21,Storage
EMC,ISILON X410-SAS-E22,Storage
EMC,ISILON X410-SAS-E23,Storage
EMC,ISILON X410-SAS-E24,Storage
EMC,ISILON X410-SAS-E25,Storage
EMC,ISILON X410-SAS-E26,Storage
EMC,ISILON X410-SAS-E27,Storage
EMC,ISILON X410-SAS-E28,Storage
EMC,ISILON X410-SAS-E29,Storage
EMC,ISILON X410-SAS-E30,Storage
EMC,ISILON X410-SAS-E31,Storage
EMC,ISILON X410-SAS-E32,Storage
EMC,ISILON X410-SAS-E33,Storage
EMC,ISILON X410-SAS-E34,Storage
EMC,ISILON X410-SAS-E35,Storage
EMC,ISILON X410-SAS-E36,Storage
EMC,ISILON X410-SAS-E37,Storage
EMC,ISILON X410-SAS-E38,Storage
EMC,ISILON X410-SAS-E39,Storage
EMC,ISILON X410-SAS-E40,Storage
EMC,ISILON X410-SAS-E41,Storage
EMC,ISILON X410-SAS-E42,Storage
EMC,ISILON X410-SAS-E43,Storage
EMC,ISILON X410-SAS-E44,Storage
EMC,ISILON X410-SAS-E45,Storage
EMC,ISILON X410-SAS-E46,Storage
EMC,ISILON X410-SAS-E47,Storage
EMC,ISILON X410-SAS-E48,Storage
EMC,ISILON X410-SAS-E49,Storage
EMC,ISILON X410-SAS-E50,Storage
EMC,ISILON X410-SAS-E51,Storage
EMC,ISILON X410-SAS-E52,Storage
EMC,ISILON X410-SAS-E53,Storage
EMC,ISILON X410-SAS-E54,Storage
EMC,ISILON X410-SAS-E55,Storage
EMC,ISILON X410-SAS-E56,Storage
EMC,ISILON X410-SAS-E57,Storage
EMC,ISILON X410-SAS-E58,Storage
EMC,ISILON X410-SAS-E59,Storage
EMC,ISILON X410-SAS-E60,Storage
EMC,ISILON X410-SAS-E61,Storage
EMC,ISILON X410-SAS-E62,Storage
EMC,ISILON X410-SAS-E63,Storage
EMC,ISILON X410-SAS-E64,Storage
EMC,ISILON X410-SAS-E65,Storage
EMC,ISILON X410-SAS-E66,Storage
EMC,ISILON X410-SAS-E67,Storage
EMC,ISILON X410-SAS-E68,Storage
EMC,ISILON X410-SAS-E69,Storage
EMC,ISILON X410-SAS-E70,Storage
EMC,ISILON X410-SAS-E71,Storage
EMC,ISILON X410-SAS-E72,Storage
EMC,ISILON X410-SAS-E73,Storage
EMC,ISILON X410-SAS-E74,Storage
EMC,ISILON X410-SAS-E75,Storage
EMC,ISILON X410-SAS-E76,Storage
EMC,ISILON X410-SAS-E77,Storage
EMC,ISILON X410-SAS-E78,Storage
EMC,ISILON X410-SAS-E79,Storage
EMC,ISILON X410-SAS-E80,Storage
EMC,ISILON X410-SAS-E81,Storage
EMC,ISILON X410-SAS-E82,Storage
EMC,ISILON X410-SAS-E83,Storage
EMC,ISILON X410-SAS-E84,Storage
EMC,ISILON X410-SAS-E85,Storage
EMC,ISILON X410-SAS-E86,Storage
EMC,ISILON X410-SAS-E87,Storage
EMC,ISILON X410-SAS-E88,Storage
EMC,ISILON X410-SAS-E89,Storage
EMC,ISILON X410-SAS-E90,Storage
EMC,ISILON X410-SAS-E91,Storage
EMC,ISILON X410-SAS-E92,Storage
EMC,ISILON X410-SAS-E93,Storage
EMC,ISILON X410-SAS-E94,Storage
EMC,ISILON X410-SAS-E95,Storage
EMC,ISILON X410-SAS-E96,Storage
EMC,ISILON X410-SAS-E97,Storage
EMC,ISILON X410-SAS-E98,Storage
EMC,ISILON X410-SAS-E99,Storage
EMC,ISILON X410-SATA-001,Storage
EMC,ISILON X410-SATA-002,Storage
EMC,ISILON X410-SATA-003,Storage
EMC,ISILON X410-SATA-004,Storage
EMC,ISILON X410-SATA-005,Storage
EMC,ISILON X410-SATA-006,Storage
EMC,ISILON X410-SATA-007,Storage
EMC,ISILON X410-SATA-008,Storage
EMC,ISILON X410-SATA-009,Storage
EMC,ISILON X410-SATA-010,Storage
EMC,ISILON X410-SATA-011,Storage
EMC,ISILON X410-SATA-012,Storage
EMC,ISILON X410-SATA-013,Storage
EMC,ISILON X410-SATA-014,Storage
EMC,ISILON X410-SATA-015,Storage
EMC,ISILON X410-SATA-016,Storage
EMC,ISILON X410-SATA-017,Storage
EMC,ISILON X410-SATA-018,Storage
EMC,ISILON X410-SATA-019,Storage
EMC,ISILON X410-SATA-020,Storage
EMC,ISILON X410-SATA-LP006,Storage
EMC,ISILON X410-SATA-LP008,Storage
EMC,ISILON X410-SATA-LPS04,Storage
EMC,ISILON X410-SATA-LPS13,Storage
EMC,ISILON X410-SATA-LPS37,Storage
EMC,ISILON X410-SATA-S01,Storage
EMC,ISILON X410-SATA-S02,Storage
EMC,ISILON X410-SATA-S03,Storage
EMC,ISILON X410-SATA-S04,Storage
EMC,ISILON X410-SATA-S05,Storage
EMC,ISILON X410-SATA-S06,Storage
EMC,ISILON X410-SATA-S07,Storage
EMC,ISILON X410-SATA-S08,Storage
EMC,ISILON X410-SATA-S09,Storage
EMC,ISILON X410-SATA-S10,Storage
EMC,ISILON X410-SATA-S100,Storage
EMC,ISILON X410-SATA-S101,Storage
EMC,ISILON X410-SATA-S102,Storage
EMC,ISILON X410-SATA-S103,Storage
EMC,ISILON X410-SATA-S104,Storage
EMC,ISILON X410-SATA-S105,Storage
EMC,ISILON X410-SATA-S106,Storage
EMC,ISILON X410-SATA-S107,Storage
EMC,ISILON X410-SATA-S108,Storage
EMC,ISILON X410-SATA-S109,Storage
EMC,ISILON X410-SATA-S11,Storage
EMC,ISILON X410-SATA-S110,Storage
EMC,ISILON X410-SATA-S111,Storage
EMC,ISILON X410-SATA-S112,Storage
EMC,ISILON X410-SATA-S113,Storage
EMC,ISILON X410-SATA-S114,Storage
EMC,ISILON X410-SATA-S116,Storage
EMC,ISILON X410-SATA-S118,Storage
EMC,ISILON X410-SATA-S119,Storage
EMC,ISILON X410-SATA-S12,Storage
EMC,ISILON X410-SATA-S120,Storage
EMC,ISILON X410-SATA-S121,Storage
EMC,ISILON X410-SATA-S122,Storage
EMC,ISILON X410-SATA-S123,Storage
EMC,ISILON X410-SATA-S124,Storage
EMC,ISILON X410-SATA-S125,Storage
EMC,ISILON X410-SATA-S126,Storage
EMC,ISILON X410-SATA-S127,Storage
EMC,ISILON X410-SATA-S128,Storage
EMC,ISILON X410-SATA-S129,Storage
EMC,ISILON X410-SATA-S13,Storage
EMC,ISILON X410-SATA-S130,Storage
EMC,ISILON X410-SATA-S131,Storage
EMC,ISILON X410-SATA-S132,Storage
EMC,ISILON X410-SATA-S133,Storage
EMC,ISILON X410-SATA-S134,Storage
EMC,ISILON X410-SATA-S135,Storage
EMC,ISILON X410-SATA-S136,Storage
EMC,ISILON X410-SATA-S137,Storage
EMC,ISILON X410-SATA-S138,Storage
EMC,ISILON X410-SATA-S139,Storage
EMC,ISILON X410-SATA-S14,Storage
EMC,ISILON X410-SATA-S140,Storage
EMC,ISILON X410-SATA-S141,Storage
EMC,ISILON X410-SATA-S142,Storage
EMC,ISILON X410-SATA-S143,Storage
EMC,ISILON X410-SATA-S144,Storage
EMC,ISILON X410-SATA-S145,Storage
EMC,ISILON X410-SATA-S146,Storage
EMC,ISILON X410-SATA-S147,Storage
EMC,ISILON X410-SATA-S148,Storage
EMC,ISILON X410-SATA-S149,Storage
EMC,ISILON X410-SATA-S15,Storage
EMC,ISILON X410-SATA-S150,Storage
EMC,ISILON X410-SATA-S151,Storage
EMC,ISILON X410-SATA-S152,Storage
EMC,ISILON X410-SATA-S153,Storage
EMC,ISILON X410-SATA-S154,Storage
EMC,ISILON X410-SATA-S155,Storage
EMC,ISILON X410-SATA-S156,Storage
EMC,ISILON X410-SATA-S157,Storage
EMC,ISILON X410-SATA-S158,Storage
EMC,ISILON X410-SATA-S159,Storage
EMC,ISILON X410-SATA-S16,Storage
EMC,ISILON X410-SATA-S160,Storage
EMC,ISILON X410-SATA-S161,Storage
EMC,ISILON X410-SATA-S162,Storage
EMC,ISILON X410-SATA-S163,Storage
EMC,ISILON X410-SATA-S164,Storage
EMC,ISILON X410-SATA-S165,Storage
EMC,ISILON X410-SATA-S166,Storage
EMC,ISILON X410-SATA-S167,Storage
EMC,ISILON X410-SATA-S168,Storage
EMC,ISILON X410-SATA-S169,Storage
EMC,ISILON X410-SATA-S17,Storage
EMC,ISILON X410-SATA-S170,Storage
EMC,ISILON X410-SATA-S171,Storage
EMC,ISILON X410-SATA-S172,Storage
EMC,ISILON X410-SATA-S173,Storage
EMC,ISILON X410-SATA-S174,Storage
EMC,ISILON X410-SATA-S175,Storage
EMC,ISILON X410-SATA-S176,Storage
EMC,ISILON X410-SATA-S177,Storage
EMC,ISILON X410-SATA-S178,Storage
EMC,ISILON X410-SATA-S179,Storage
EMC,ISILON X410-SATA-S18,Storage
EMC,ISILON X410-SATA-S180,Storage
EMC,ISILON X410-SATA-S181,Storage
EMC,ISILON X410-SATA-S182,Storage
EMC,ISILON X410-SATA-S183,Storage
EMC,ISILON X410-SATA-S184,Storage
EMC,ISILON X410-SATA-S185,Storage
EMC,ISILON X410-SATA-S186,Storage
EMC,ISILON X410-SATA-S187,Storage
EMC,ISILON X410-SATA-S188,Storage
EMC,ISILON X410-SATA-S189,Storage
EMC,ISILON X410-SATA-S19,Storage
EMC,ISILON X410-SATA-S190,Storage
EMC,ISILON X410-SATA-S191,Storage
EMC,ISILON X410-SATA-S192,Storage
EMC,ISILON X410-SATA-S193,Storage
EMC,ISILON X410-SATA-S194,Storage
EMC,ISILON X410-SATA-S195,Storage
EMC,ISILON X410-SATA-S196,Storage
EMC,ISILON X410-SATA-S197,Storage
EMC,ISILON X410-SATA-S198,Storage
EMC,ISILON X410-SATA-S199,Storage
EMC,ISILON X410-SATA-S20,Storage
EMC,ISILON X410-SATA-S200,Storage
EMC,ISILON X410-SATA-S201,Storage
EMC,ISILON X410-SATA-S202,Storage
EMC,ISILON X410-SATA-S203,Storage
EMC,ISILON X410-SATA-S204,Storage
EMC,ISILON X410-SATA-S205,Storage
EMC,ISILON X410-SATA-S206,Storage
EMC,ISILON X410-SATA-S207,Storage
EMC,ISILON X410-SATA-S208,Storage
EMC,ISILON X410-SATA-S209,Storage
EMC,ISILON X410-SATA-S21,Storage
EMC,ISILON X410-SATA-S210,Storage
EMC,ISILON X410-SATA-S211,Storage
EMC,ISILON X410-SATA-S212,Storage
EMC,ISILON X410-SATA-S213,Storage
EMC,ISILON X410-SATA-S214,Storage
EMC,ISILON X410-SATA-S215,Storage
EMC,ISILON X410-SATA-S216,Storage
EMC,ISILON X410-SATA-S217,Storage
EMC,ISILON X410-SATA-S218,Storage
EMC,ISILON X410-SATA-S219,Storage
EMC,ISILON X410-SATA-S22,Storage
EMC,ISILON X410-SATA-S220,Storage
EMC,ISILON X410-SATA-S221,Storage
EMC,ISILON X410-SATA-S222,Storage
EMC,ISILON X410-SATA-S223,Storage
EMC,ISILON X410-SATA-S224,Storage
EMC,ISILON X410-SATA-S225,Storage
EMC,ISILON X410-SATA-S226,Storage
EMC,ISILON X410-SATA-S227,Storage
EMC,ISILON X410-SATA-S228,Storage
EMC,ISILON X410-SATA-S229,Storage
EMC,ISILON X410-SATA-S23,Storage
EMC,ISILON X410-SATA-S230,Storage
EMC,ISILON X410-SATA-S231,Storage
EMC,ISILON X410-SATA-S232,Storage
EMC,ISILON X410-SATA-S233,Storage
EMC,ISILON X410-SATA-S234,Storage
EMC,ISILON X410-SATA-S235,Storage
EMC,ISILON X410-SATA-S236,Storage
EMC,ISILON X410-SATA-S237,Storage
EMC,ISILON X410-SATA-S238,Storage
EMC,ISILON X410-SATA-S239,Storage
EMC,ISILON X410-SATA-S24,Storage
EMC,ISILON X410-SATA-S240,Storage
EMC,ISILON X410-SATA-S241,Storage
EMC,ISILON X410-SATA-S242,Storage
EMC,ISILON X410-SATA-S243,Storage
EMC,ISILON X410-SATA-S244,Storage
EMC,ISILON X410-SATA-S245,Storage
EMC,ISILON X410-SATA-S246,Storage
EMC,ISILON X410-SATA-S247,Storage
EMC,ISILON X410-SATA-S248,Storage
EMC,ISILON X410-SATA-S249,Storage
EMC,ISILON X410-SATA-S25,Storage
EMC,ISILON X410-SATA-S250,Storage
EMC,ISILON X410-SATA-S251,Storage
EMC,ISILON X410-SATA-S252,Storage
EMC,ISILON X410-SATA-S253,Storage
EMC,ISILON X410-SATA-S26,Storage
EMC,ISILON X410-SATA-S27,Storage
EMC,ISILON X410-SATA-S28,Storage
EMC,ISILON X410-SATA-S29,Storage
EMC,ISILON X410-SATA-S30,Storage
EMC,ISILON X410-SATA-S31,Storage
EMC,ISILON X410-SATA-S32,Storage
EMC,ISILON X410-SATA-S33,Storage
EMC,ISILON X410-SATA-S34,Storage
EMC,ISILON X410-SATA-S35,Storage
EMC,ISILON X410-SATA-S36,Storage
EMC,ISILON X410-SATA-S37,Storage
EMC,ISILON X410-SATA-S38,Storage
EMC,ISILON X410-SATA-S39,Storage
EMC,ISILON X410-SATA-S40,Storage
EMC,ISILON X410-SATA-S41,Storage
EMC,ISILON X410-SATA-S42,Storage
EMC,ISILON X410-SATA-S43,Storage
EMC,ISILON X410-SATA-S44,Storage
EMC,ISILON X410-SATA-S45,Storage
EMC,ISILON X410-SATA-S46,Storage
EMC,ISILON X410-SATA-S47,Storage
EMC,ISILON X410-SATA-S48,Storage
EMC,ISILON X410-SATA-S49,Storage
EMC,ISILON X410-SATA-S50,Storage
EMC,ISILON X410-SATA-S51,Storage
EMC,ISILON X410-SATA-S52,Storage
EMC,ISILON X410-SATA-S53,Storage
EMC,ISILON X410-SATA-S54,Storage
EMC,ISILON X410-SATA-S55,Storage
EMC,ISILON X410-SATA-S56,Storage
EMC,ISILON X410-SATA-S57,Storage
EMC,ISILON X410-SATA-S58,Storage
EMC,ISILON X410-SATA-S59,Storage
EMC,ISILON X410-SATA-S60,Storage
EMC,ISILON X410-SATA-S61,Storage
EMC,ISILON X410-SATA-S62,Storage
EMC,ISILON X410-SATA-S63,Storage
EMC,ISILON X410-SATA-S64,Storage
EMC,ISILON X410-SATA-S65,Storage
EMC,ISILON X410-SATA-S66,Storage
EMC,ISILON X410-SATA-S67,Storage
EMC,ISILON X410-SATA-S68,Storage
EMC,ISILON X410-SATA-S69,Storage
EMC,ISILON X410-SATA-S70,Storage
EMC,ISILON X410-SATA-S71,Storage
EMC,ISILON X410-SATA-S72,Storage
EMC,ISILON X410-SATA-S73,Storage
EMC,ISILON X410-SATA-S74,Storage
EMC,ISILON X410-SATA-S75,Storage
EMC,ISILON X410-SATA-S76,Storage
EMC,ISILON X410-SATA-S77,Storage
EMC,ISILON X410-SATA-S78,Storage
EMC,ISILON X410-SATA-S79,Storage
EMC,ISILON X410-SATA-S80,Storage
EMC,ISILON X410-SATA-S81,Storage
EMC,ISILON X410-SATA-S82,Storage
EMC,ISILON X410-SATA-S83,Storage
EMC,ISILON X410-SATA-S84,Storage
EMC,ISILON X410-SATA-S85,Storage
EMC,ISILON X410-SATA-S86,Storage
EMC,ISILON X410-SATA-S87,Storage
EMC,ISILON X410-SATA-S88,Storage
EMC,ISILON X410-SATA-S89,Storage
EMC,ISILON X410-SATA-S90,Storage
EMC,ISILON X410-SATA-S91,Storage
EMC,ISILON X410-SATA-S92,Storage
EMC,ISILON X410-SATA-S93,Storage
EMC,ISILON X410-SATA-S94,Storage
EMC,ISILON X410-SATA-S95,Storage
EMC,ISILON X410-SATA-S96,Storage
EMC,ISILON X410-SATA-S97,Storage
EMC,ISILON X410-SATA-S98,Storage
EMC,ISILON X410-SATA-S99,Storage
EMC,ISILON S210-SAS-S27,Storage
EMC,ISILON S210-SAS-S74,Storage
EMC,ISILON S210-SAS-S79,Storage
EMC,ISILON S210-SAS-S80,Storage
EMC,ISILON S210-SAS-S81,Storage
EMC,ISILON S210-SAS-S82,Storage
EMC,ISILON S210-SAS-S83,Storage
EMC,ISILON S210-SAS-S84,Storage
EMC,ISILON S210-SAS-S85,Storage
EMC,ISILON S210-SAS-S86,Storage
EMC,ISILON S210-SAS-S87,Storage
EMC,ISILON S210-SAS-S88,Storage
EMC,ISILON S210-SAS-S89,Storage
EMC,ISILON S210-SAS-S90,Storage
EMC,ISILON S210-SAS-S92,Storage
EMC,ISILON S210-SAS-S93,Storage
EMC,ISILON S210-SAS-S94,Storage
EMC,ISILON S210-SAS-S95,Storage
EMC,Symmetrix 3100,Storage
EMC,Symmetrix 3130,Storage
EMC,Symmetrix 3200,Storage
EMC,Symmetrix 3230,Storage
EMC,Symmetrix 3300,Storage
EMC,Symmetrix 3330,Storage
EMC,Symmetrix 3400,Storage
EMC,Symmetrix 3430,Storage
EMC,Symmetrix 3500,Storage
EMC,Symmetrix 3630,Storage
EMC,Symmetrix 3700,Storage
EMC,Symmetrix 3830,Storage
EMC,Symmetrix 3930,Storage
EMC,Symmetrix 5100,Storage
EMC,Symmetrix 5200,Storage
EMC,Symmetrix 5300,Storage
EMC,Symmetrix 5330,Storage
EMC,Symmetrix 5430,Storage
EMC,Symmetrix 5500,Storage
EMC,Symmetrix 5630,Storage
EMC,Symmetrix 5700,Storage
EMC,Symmetrix 5830,Storage
EMC,Symmetrix 5900,Storage
EMC,Symmetrix 5930,Storage
EMC,Symmetrix 8130,Storage
EMC,Symmetrix 8230,Storage
EMC,Symmetrix 8430,Storage
EMC,Symmetrix 8530,Storage
EMC,Symmetrix 8730,Storage
EMC,Symmetrix 8830,Storage
EMC,Symmetrix DMX 1000,Storage
EMC,Symmetrix DMX 2000,Storage
EMC,Symmetrix DMX 3000,Storage
EMC,Symmetrix DMX 800,Storage
EMC,Symmetrix DMX-3,Storage
EMC,Symmetrix DMX-4,Storage
EMC,Symmetrix z8530,Storage
EMC,Symmetrix z8830,Storage
EMC,UNITY 300 Hybrid,Storage
EMC,UNITY 300F,Storage
EMC,UNITY 400 Hybrid,Storage
EMC,UNITY 400F,Storage
EMC,UNITY 500F,Storage
EMC,UNITY 600 Hybrid,Storage
EMC,UNITY 600F,Storage
EMC,UNITY D3122AD,Storage
EMC,UNITY D3122ADAF,Storage
EMC,UNITY D3122ADF,Storage
EMC,UNITY D3122DF25,Storage
EMC,UNITY D3122DPF25,Storage
EMC,UNITY D3122F,Storage
EMC,UNITY D3122FAF,Storage
EMC,UNITY D3122PAD,Storage
EMC,UNITY D3123AD,Storage
EMC,UNITY D3123ADF,Storage
EMC,UNITY D3123F,Storage
EMC,UNITY D31D24AD12,Storage
EMC,UNITY D31D24AD25,Storage
EMC,UNITY D31D24AD25AF,Storage
EMC,UNITY D31D24AF12,Storage
EMC,UNITY D31D24AF25,Storage
EMC,UNITY D31D24AF25AF,Storage
EMC,UNITY D31D24DF12,Storage
EMC,UNITY D31D24DF25,Storage
EMC,UNITY D31D25CKITO,Storage
EMC,UNITY D31D25CKITOAF,Storage
EMC,UNITY D31DEMCCK12KIT,Storage
EMC,UNITY D31DEMCCK25KIT,Storage
EMC,UNITY D31DEMCCK25KITAF,Storage
EMC,UNITY D31EMCCK12KIT,Storage
EMC,UNITY D31EMCCK25KIT,Storage
EMC,UNITY D31EMCCK25KITAF,Storage
EMC,UNITY D31TUNITY D32,Storage
EMC,UNITY D31TUNITY D32AF,Storage
EMC,UNITY D31TUNITY D33,Storage
EMC,UNITY D31TUNITY D33AF,Storage
EMC,UNITY D31TUNITY D34,Storage
EMC,UNITY D31TUNITY D34AF,Storage
EMC,UNITY D3-2S10-1200,Storage
EMC,UNITY D3-2S10-1200TU,Storage
EMC,UNITY D3-2S10-1200U,Storage
EMC,UNITY D3-2S10-1800,Storage
EMC,UNITY D3-2S10-1800TU,Storage
EMC,UNITY D3-2S10-1800U,Storage
EMC,UNITY D3-2S10-600,Storage
EMC,UNITY D3-2S10-600TU,Storage
EMC,UNITY D3-2S10-600U,Storage
EMC,UNITY D3-2S12FX-1600,Storage
EMC,UNITY D3-2S12FX-1600TU,Storage
EMC,UNITY D3-2S12FX-1600U,Storage
EMC,UNITY D3-2S12FX-200,Storage
EMC,UNITY D3-2S12FX-200TU,Storage
EMC,UNITY D3-2S12FX-200U,Storage
EMC,UNITY D3-2S12FX-400,Storage
EMC,UNITY D3-2S12FX-400TU,Storage
EMC,UNITY D3-2S12FX-400U,Storage
EMC,UNITY D3-2S12FX-800,Storage
EMC,UNITY D3-2S12FX-800TU,Storage
EMC,UNITY D3-2S12FX-800U,Storage
EMC,UNITY D3-2S12FXL-1600,Storage
EMC,UNITY D3-2S12FXL-1600TU,Storage
EMC,UNITY D3-2S12FXL-1600U,Storage
EMC,UNITY D3-2S12FXL-3200,Storage
EMC,UNITY D3-2S12FXL-3200TU,Storage
EMC,UNITY D3-2S12FXL-3200U,Storage
EMC,UNITY D3-2S12FXL-400,Storage
EMC,UNITY D3-2S12FXL-400TU,Storage
EMC,UNITY D3-2S12FXL-400U,Storage
EMC,UNITY D3-2S12FXL-800,Storage
EMC,UNITY D3-2S12FXL-800TU,Storage
EMC,UNITY D3-2S12FXL-800U,Storage
EMC,UNITY D3-2S15-600,Storage
EMC,UNITY D3-2S15-600TU,Storage
EMC,UNITY D3-2S15-600U,Storage
EMC,UNITY D32TUNITY D33,Storage
EMC,UNITY D32TUNITY D33AF,Storage
EMC,UNITY D32TUNITY D34,Storage
EMC,UNITY D32TUNITY D34AF,Storage
EMC,UNITY D32UNITY D32AD12,Storage
EMC,UNITY D32UNITY D32AD25,Storage
EMC,UNITY D32UNITY D32AD25AF,Storage
EMC,UNITY D32UNITY D32AF12,Storage
EMC,UNITY D32UNITY D32AF25,Storage
EMC,UNITY D32UNITY D32AF25AF,Storage
EMC,UNITY D32UNITY D32DF12,Storage
EMC,UNITY D32UNITY D32DF25,Storage
EMC,UNITY D33D48AD12,Storage
EMC,UNITY D33D48AD25,Storage
EMC,UNITY D33D48AD25AF,Storage
EMC,UNITY D33D48AF12,Storage
EMC,UNITY D33D48AF25,Storage
EMC,UNITY D33D48AF25AF,Storage
EMC,UNITY D33D48DF12,Storage
EMC,UNITY D33D48DF25,Storage
EMC,UNITY D33TUNITY D34,Storage
EMC,UNITY D33TUNITY D34AF,Storage
EMC,UNITY D34D64AD12,Storage
EMC,UNITY D34D64AD25,Storage
EMC,UNITY D34D64AD25AF,Storage
EMC,UNITY D34D64AF12,Storage
EMC,UNITY D34D64AF25,Storage
EMC,UNITY D34D64AF25AF,Storage
EMC,UNITY D34D64DF12,Storage
EMC,UNITY D34D64DF25,Storage
EMC,UNITY D3DAE2URK,Storage
EMC,UNITY D3DAE2URKAF,Storage
EMC,UNITY D3DAE3URK,Storage
EMC,UNITY D3DPE2URK12,Storage
EMC,UNITY D3DPE2URK25,Storage
EMC,UNITY D3DPE2URK25AF,Storage
EMC,UNITY D3F-2S12FXL-1600,Storage
EMC,UNITY D3F-2S12FXL-1600TU,Storage
EMC,UNITY D3F-2S12FXL-1600U,Storage
EMC,UNITY D3F-2S12FXL-3200,Storage
EMC,UNITY D3F-2S12FXL-3200TU,Storage
EMC,UNITY D3F-2S12FXL-3200U,Storage
EMC,UNITY D3F-2S12FXL-400,Storage
EMC,UNITY D3F-2S12FXL-400TU,Storage
EMC,UNITY D3F-2S12FXL-400U,Storage
EMC,UNITY D3F-2S12FXL-800,Storage
EMC,UNITY D3F-2S12FXL-800TU,Storage
EMC,UNITY D3F-2S12FXL-800U,Storage
EMC,UNITY D3F-2SFXL2-15360,Storage
EMC,UNITY D3F-2SFXL2-15360TU,Storage
EMC,UNITY D3F-2SFXL2-15360U,Storage
EMC,UNITY D3F-2SFXL2-3840,Storage
EMC,UNITY D3F-2SFXL2-3840TU,Storage
EMC,UNITY D3F-2SFXL2-3840U,Storage
EMC,UNITY D3F-2SFXL2-7680TU,Storage
EMC,UNITY D3F-2SFXL2-7680U,Storage
EMC,UNITY D3FC-2S12FX-200,Storage
EMC,UNITY D3FC-2S12FX-200TU,Storage
EMC,UNITY D3FC-2S12FX-200U,Storage
EMC,UNITY D3FC-2S12FX-400,Storage
EMC,UNITY D3FC-2S12FX-400TU,Storage
EMC,UNITY D3FC-2S12FX-400U,Storage
EMC,UNITY D3FC-2S12FX-800,Storage
EMC,UNITY D3FC-2S12FX-800TU,Storage
EMC,UNITY D3FC-2S12FX-800U,Storage
EMC,UNITY D3FC-PS12FX-800TU,Storage
EMC,UNITY D3FC-PS12FX-800U,Storage
EMC,UNITY D3FC-VS12FX-200,Storage
EMC,UNITY D3FC-VS12FX-200TU,Storage
EMC,UNITY D3FC-VS12FX-200U,Storage
EMC,UNITY D3FC-VS12FX-400,Storage
EMC,UNITY D3FC-VS12FX-400TU,Storage
EMC,UNITY D3FC-VS12FX-400U,Storage
EMC,UNITY D3FC-VS12FX-800,Storage
EMC,UNITY D3FC-VS12FX-800TU,Storage
EMC,UNITY D3FC-VS12FX-800U,Storage
EMC,UNITY D3MSHDMSSHD2,Storage
EMC,UNITY D3MSHDMSSHD2AF,Storage
EMC,UNITY D3MSHDMSSHD5,Storage
EMC,UNITY D3MSHDMSSHD8,Storage
EMC,UNITY D3MSSHDMSSHD5AF,Storage
EMC,UNITY D3MSSHDMSSHD8AF,Storage
EMC,UNITY D3N-2S10-1200,Storage
EMC,UNITY D3N-2S10-1200TU,Storage
EMC,UNITY D3N-2S10-1200U,Storage
EMC,UNITY D3N-2S10-1800,Storage
EMC,UNITY D3N-2S10-1800TU,Storage
EMC,UNITY D3N-2S10-1800U,Storage
EMC,UNITY D3N-2S10-600,Storage
EMC,UNITY D3N-2S10-600TU,Storage
EMC,UNITY D3N-2S10-600U,Storage
EMC,UNITY D3N-2S12FX-1600,Storage
EMC,UNITY D3N-2S12FX-1600TU,Storage
EMC,UNITY D3N-2S12FX-1600U,Storage
EMC,UNITY D3N-2S12FX-200,Storage
EMC,UNITY D3N-2S12FX-200TU,Storage
EMC,UNITY D3N-2S12FX-200U,Storage
EMC,UNITY D3N-2S12FX-400,Storage
EMC,UNITY D3N-2S12FX-400TU,Storage
EMC,UNITY D3N-2S12FX-400U,Storage
EMC,UNITY D3N-2S12FX-800,Storage
EMC,UNITY D3N-2S12FX-800TU,Storage
EMC,UNITY D3N-2S12FX-800U,Storage
EMC,UNITY D3N-2S12FXL-3200,Storage
EMC,UNITY D3N-2S12FXL-3200TU,Storage
EMC,UNITY D3N-2S12FXL-3200U,Storage
EMC,UNITY D3N-2S15-600,Storage
EMC,UNITY D3N-2S15-600TU,Storage
EMC,UNITY D3N-2S15-600U,Storage
EMC,UNITY D3NFC-2S12FX-200,Storage
EMC,UNITY D3NFC-2S12FX-200TU,Storage
EMC,UNITY D3NFC-2S12FX-200U,Storage
EMC,UNITY D3NFC-2S12FX-400,Storage
EMC,UNITY D3NFC-2S12FX-400TU,Storage
EMC,UNITY D3NFC-2S12FX-400U,Storage
EMC,UNITY D3NFC-2S12FX-800,Storage
EMC,UNITY D3NFC-2S12FX-800TU,Storage
EMC,UNITY D3NFC-2S12FX-800U,Storage
EMC,UNITY D3NFC-PS12FX-200,Storage
EMC,UNITY D3NFC-PS12FX-200TU,Storage
EMC,UNITY D3NFC-PS12FX-200U,Storage
EMC,UNITY D3NFC-PS12FX-400,Storage
EMC,UNITY D3NFC-PS12FX-400TU,Storage
EMC,UNITY D3NFC-PS12FX-400U,Storage
EMC,UNITY D3NFC-PS12FX-800,Storage
EMC,UNITY D3NFC-PS12FX-800TU,Storage
EMC,UNITY D3NFC-PS12FX-800U,Storage
EMC,UNITY D3NFC-VS12FX-200,Storage
EMC,UNITY D3NFC-VS12FX-200TU,Storage
EMC,UNITY D3NFC-VS12FX-200U,Storage
EMC,UNITY D3NFC-VS12FX-400,Storage
EMC,UNITY D3NFC-VS12FX-400TU,Storage
EMC,UNITY D3NFC-VS12FX-400U,Storage
EMC,UNITY D3NFC-VS12FX-800,Storage
EMC,UNITY D3NFC-VS12FX-800TU,Storage
EMC,UNITY D3NFC-VS12FX-800U,Storage
EMC,UNITY D3N-PS07-2000,Storage
EMC,UNITY D3N-PS07-2000TU,Storage
EMC,UNITY D3N-PS07-2000U,Storage
EMC,UNITY D3N-PS07-4000,Storage
EMC,UNITY D3N-PS07-4000TU,Storage
EMC,UNITY D3N-PS07-4000U,Storage
EMC,UNITY D3N-PS07-6000,Storage
EMC,UNITY D3N-PS07-6000TU,Storage
EMC,UNITY D3N-PS07-6000U,Storage
EMC,UNITY D3N-PS10-1200,Storage
EMC,UNITY D3N-PS10-1200TU,Storage
EMC,UNITY D3N-PS10-1200U,Storage
EMC,UNITY D3N-PS10-1800,Storage
EMC,UNITY D3N-PS10-1800TU,Storage
EMC,UNITY D3N-PS10-1800U,Storage
EMC,UNITY D3N-PS10-600,Storage
EMC,UNITY D3N-PS10-600TU,Storage
EMC,UNITY D3N-PS10-600U,Storage
EMC,UNITY D3N-PS12FX-1600TU,Storage
EMC,UNITY D3N-PS12FX-1600U,Storage
EMC,UNITY D3N-PS12FX-200,Storage
EMC,UNITY D3N-PS12FX-200TU,Storage
EMC,UNITY D3N-PS12FX-200U,Storage
EMC,UNITY D3N-PS12FX-400,Storage
EMC,UNITY D3N-PS12FX-400TU,Storage
EMC,UNITY D3N-PS12FX-400U,Storage
EMC,UNITY D3N-PS12FX-800,Storage
EMC,UNITY D3N-PS12FX-800TU,Storage
EMC,UNITY D3N-PS12FX-800U,Storage
EMC,UNITY D3N-PS15-600,Storage
EMC,UNITY D3N-PS15-600TU,Storage
EMC,UNITY D3N-PS15-600U,Storage
EMC,UNITY D3NSP-L4X1200-10K,Storage
EMC,UNITY D3NSP-L4X1600X-SSD,Storage
EMC,UNITY D3NSP-L4X1800-10K,Storage
EMC,UNITY D3NSP-L4X2000-NL,Storage
EMC,UNITY D3NSP-L4X4000-NL,Storage
EMC,UNITY D3NSP-L4X400X-SSD,Storage
EMC,UNITY D3NSP-L4X6000-NL,Storage
EMC,UNITY D3NSP-L4X600-10K,Storage
EMC,UNITY D3NSP-L4X600-15K,Storage
EMC,UNITY D3NSP-L4X800X-SSD,Storage
EMC,UNITY D3NSP-L6X1200-10K,Storage
EMC,UNITY D3NSP-L6X1600X-SSD,Storage
EMC,UNITY D3NSP-L6X1800-10K,Storage
EMC,UNITY D3NSP-L6X400X-SSD,Storage
EMC,UNITY D3NSP-L6X600-10K,Storage
EMC,UNITY D3NSP-L6X600-15K,Storage
EMC,UNITY D3NSP-L6X800X-SSD,Storage
EMC,UNITY D3NSP-L9X2000-NL,Storage
EMC,UNITY D3NSP-L9X4000-NL,Storage
EMC,UNITY D3NSP-L9X6000-NL,Storage
EMC,UNITY D3NSP-S4X1200-10K,Storage
EMC,UNITY D3NSP-S4X1600X-SSD,Storage
EMC,UNITY D3NSP-S4X1800-10K,Storage
EMC,UNITY D3NSP-S4X3200XLSSD,Storage
EMC,UNITY D3NSP-S4X400X-SSD,Storage
EMC,UNITY D3NSP-S4X600-10K,Storage
EMC,UNITY D3NSP-S4X600-15K,Storage
EMC,UNITY D3NSP-S4X800X-SSD,Storage
EMC,UNITY D3NSP-S6X1200-10K,Storage
EMC,UNITY D3NSP-S6X1600X-SSD,Storage
EMC,UNITY D3NSP-S6X1800-10K,Storage
EMC,UNITY D3NSP-S6X3200XLSSD,Storage
EMC,UNITY D3NSP-S6X400X-SSD,Storage
EMC,UNITY D3NSP-S6X600-10K,Storage
EMC,UNITY D3NSP-S6X600-15K,Storage
EMC,UNITY D3NSP-S6X800X-SSD,Storage
EMC,UNITY D3N-VS07-2000,Storage
EMC,UNITY D3N-VS07-2000TU,Storage
EMC,UNITY D3N-VS07-2000U,Storage
EMC,UNITY D3N-VS07-4000,Storage
EMC,UNITY D3N-VS07-4000TU,Storage
EMC,UNITY D3N-VS07-4000U,Storage
EMC,UNITY D3N-VS07-6000,Storage
EMC,UNITY D3N-VS07-6000TU,Storage
EMC,UNITY D3N-VS07-6000U,Storage
EMC,UNITY D3N-VS10-1200,Storage
EMC,UNITY D3N-VS10-1200TU,Storage
EMC,UNITY D3N-VS10-1200U,Storage
EMC,UNITY D3N-VS10-1800,Storage
EMC,UNITY D3N-VS10-1800TU,Storage
EMC,UNITY D3N-VS10-1800U,Storage
EMC,UNITY D3N-VS10-600,Storage
EMC,UNITY D3N-VS10-600TU,Storage
EMC,UNITY D3N-VS10-600U,Storage
EMC,UNITY D3N-VS12FX-1600,Storage
EMC,UNITY D3N-VS12FX-1600TU,Storage
EMC,UNITY D3N-VS12FX-1600U,Storage
EMC,UNITY D3N-VS12FX-200,Storage
EMC,UNITY D3N-VS12FX-200TU,Storage
EMC,UNITY D3N-VS12FX-200U,Storage
EMC,UNITY D3N-VS12FX-400,Storage
EMC,UNITY D3N-VS12FX-400TU,Storage
EMC,UNITY D3N-VS12FX-400U,Storage
EMC,UNITY D3N-VS12FX-800,Storage
EMC,UNITY D3N-VS12FX-800TU,Storage
EMC,UNITY D3N-VS12FX-800U,Storage
EMC,UNITY D3N-VS15-600,Storage
EMC,UNITY D3N-VS15-600TU,Storage
EMC,UNITY D3N-VS15-600U,Storage
EMC,UNITY D3-PS07-2000,Storage
EMC,UNITY D3-PS07-2000TU,Storage
EMC,UNITY D3-PS07-2000U,Storage
EMC,UNITY D3-PS07-4000,Storage
EMC,UNITY D3-PS07-4000TU,Storage
EMC,UNITY D3-PS07-4000U,Storage
EMC,UNITY D3-PS07-6000,Storage
EMC,UNITY D3-PS07-6000TU,Storage
EMC,UNITY D3-PS07-6000U,Storage
EMC,UNITY D3-PS10-1200,Storage
EMC,UNITY D3-PS10-1200TU,Storage
EMC,UNITY D3-PS10-1200U,Storage
EMC,UNITY D3-PS10-1800,Storage
EMC,UNITY D3-PS10-1800TU,Storage
EMC,UNITY D3-PS10-1800U,Storage
EMC,UNITY D3-PS10-600,Storage
EMC,UNITY D3-PS10-600TU,Storage
EMC,UNITY D3-PS10-600U,Storage
EMC,UNITY D3-PS12FX-1600,Storage
EMC,UNITY D3-PS12FX-1600TU,Storage
EMC,UNITY D3-PS12FX-1600U,Storage
EMC,UNITY D3-PS12FX-200,Storage
EMC,UNITY D3-PS12FX-200TU,Storage
EMC,UNITY D3-PS12FX-200U,Storage
EMC,UNITY D3-PS12FX-400,Storage
EMC,UNITY D3-PS12FX-400TU,Storage
EMC,UNITY D3-PS12FX-400U,Storage
EMC,UNITY D3-PS12FX-800,Storage
EMC,UNITY D3-PS12FX-800TU,Storage
EMC,UNITY D3-PS12FX-800U,Storage
EMC,UNITY D3-PS15-600,Storage
EMC,UNITY D3-PS15-600TU,Storage
EMC,UNITY D3-PS15-600U,Storage
EMC,UNITY D3SFP1,Storage
EMC,UNITY D3SFP10I,Storage
EMC,UNITY D3SFP10IAF,Storage
EMC,UNITY D3SFP10IU,Storage
EMC,UNITY D3SFP10IUAF,Storage
EMC,UNITY D3SFP16F,Storage
EMC,UNITY D3SFP16FAF,Storage
EMC,UNITY D3SFP16FU,Storage
EMC,UNITY D3SFP16FUAF,Storage
EMC,UNITY D3SFP1AF,Storage
EMC,UNITY D3SFP1U,Storage
EMC,UNITY D3SFP1UAF,Storage
EMC,UNITY D3SFP8F,Storage
EMC,UNITY D3SFP8FAF,Storage
EMC,UNITY D3SFP8FU,Storage
EMC,UNITY D3SFP8FUAF,Storage
EMC,UNITY D3SFPSM16F,Storage
EMC,UNITY D3SFPSM16FAF,Storage
EMC,UNITY D3SFPSM16FAFU,Storage
EMC,UNITY D3SFPSM16FU,Storage
EMC,UNITY D3SL10ICU,Storage
EMC,UNITY D3SL10ICUAF,Storage
EMC,UNITY D3SL10ICUU,Storage
EMC,UNITY D3SL10ICUUAF,Storage
EMC,UNITY D3SL10IG,Storage
EMC,UNITY D3SL10IGAF,Storage
EMC,UNITY D3SL10IGU,Storage
EMC,UNITY D3SL10IGUAF,Storage
EMC,UNITY D3SL10IO2PT,Storage
EMC,UNITY D3SL10IO2PTAF,Storage
EMC,UNITY D3SL10IO2PTTW,Storage
EMC,UNITY D3SL10IO2PTTWAF,Storage
EMC,UNITY D3SL10IO2PTTWU,Storage
EMC,UNITY D3SL10IO2PTTWUAF,Storage
EMC,UNITY D3SL10IO2PTU,Storage
EMC,UNITY D3SL10IO2PTUAF,Storage
EMC,UNITY D3SL10IO4PT,Storage
EMC,UNITY D3SL10IO4PTAF,Storage
EMC,UNITY D3SL10IO4PTU,Storage
EMC,UNITY D3SL10IO4PTUAF,Storage
EMC,UNITY D3SL12SAS,Storage
EMC,UNITY D3SL12SASAF,Storage
EMC,UNITY D3SL12SASF,Storage
EMC,UNITY D3SL12SASFAF,Storage
EMC,UNITY D3SL12SASU,Storage
EMC,UNITY D3SL12SASUAF,Storage
EMC,UNITY D3SL16F,Storage
EMC,UNITY D3SL16FAF,Storage
EMC,UNITY D3SL16FSM,Storage
EMC,UNITY D3SL16FSMAF,Storage
EMC,UNITY D3SL16FSMMM,Storage
EMC,UNITY D3SL16FSMMMAF,Storage
EMC,UNITY D3SL16FSMMMU,Storage
EMC,UNITY D3SL16FSMMMUAF,Storage
EMC,UNITY D3SL16FSMU,Storage
EMC,UNITY D3SL16FSMUAF,Storage
EMC,UNITY D3SL16FU,Storage
EMC,UNITY D3SL16FUAF,Storage
EMC,UNITY D3SL1G,Storage
EMC,UNITY D3SL1GAF,Storage
EMC,UNITY D3SL1GU,Storage
EMC,UNITY D3SL1GUAF,Storage
EMC,UNITY D3SP-L4X1200-10K,Storage
EMC,UNITY D3SP-L4X1600X-SSD,Storage
EMC,UNITY D3SP-L4X1800-10K,Storage
EMC,UNITY D3SP-L4X2000-NL,Storage
EMC,UNITY D3SP-L4X4000-NL,Storage
EMC,UNITY D3SP-L4X400X-SSD,Storage
EMC,UNITY D3SP-L4X6000-NL,Storage
EMC,UNITY D3SP-L4X600-10K,Storage
EMC,UNITY D3SP-L4X600-15K,Storage
EMC,UNITY D3SP-L4X800X-SSD,Storage
EMC,UNITY D3SP-L6X1200-10K,Storage
EMC,UNITY D3SP-L6X1600X-SSD,Storage
EMC,UNITY D3SP-L6X1800-10K,Storage
EMC,UNITY D3SP-L6X400X-SSD,Storage
EMC,UNITY D3SP-L6X600-10K,Storage
EMC,UNITY D3SP-L6X600-15K,Storage
EMC,UNITY D3SP-L6X800X-SSD,Storage
EMC,UNITY D3SP-L9X2000-NL,Storage
EMC,UNITY D3SP-L9X4000-NL,Storage
EMC,UNITY D3SP-L9X6000-NL,Storage
EMC,UNITY D3SP-S4X1200-10K,Storage
EMC,UNITY D3SP-S4X1600XL-SSD,Storage
EMC,UNITY D3SP-S4X1600X-SSD,Storage
EMC,UNITY D3SP-S4X1800-10K,Storage
EMC,UNITY D3SP-S4X3200XL-SSD,Storage
EMC,UNITY D3SP-S4X400XL-SSD,Storage
EMC,UNITY D3SP-S4X400X-SSD,Storage
EMC,UNITY D3SP-S4X600-10K,Storage
EMC,UNITY D3SP-S4X600-15K,Storage
EMC,UNITY D3SP-S4X800XL-SSD,Storage
EMC,UNITY D3SP-S4X800X-SSD,Storage
EMC,UNITY D3SP-S6X1200-10K,Storage
EMC,UNITY D3SP-S6X1600XL-SSD,Storage
EMC,UNITY D3SP-S6X1600X-SSD,Storage
EMC,UNITY D3SP-S6X1800-10K,Storage
EMC,UNITY D3SP-S6X3200XL-SSD,Storage
EMC,UNITY D3SP-S6X400XL-SSD,Storage
EMC,UNITY D3SP-S6X400X-SSD,Storage
EMC,UNITY D3SP-S6X600-15K,Storage
EMC,UNITY D3SP-S6X800XL-SSD,Storage
EMC,UNITY D3SP-S6X800X-SSD,Storage
EMC,UNITY D3-VS07-2000,Storage
EMC,UNITY D3-VS07-2000TU,Storage
EMC,UNITY D3-VS07-2000U,Storage
EMC,UNITY D3-VS07-4000,Storage
EMC,UNITY D3-VS07-4000TU,Storage
EMC,UNITY D3-VS07-4000U,Storage
EMC,UNITY D3-VS07-6000,Storage
EMC,UNITY D3-VS07-6000TU,Storage
EMC,UNITY D3-VS07-6000U,Storage
EMC,UNITY D3-VS10-1200,Storage
EMC,UNITY D3-VS10-1200TU,Storage
EMC,UNITY D3-VS10-1200U,Storage
EMC,UNITY D3-VS10-1800,Storage
EMC,UNITY D3-VS10-1800TU,Storage
EMC,UNITY D3-VS10-1800U,Storage
EMC,UNITY D3-VS10-600,Storage
EMC,UNITY D3-VS10-600TU,Storage
EMC,UNITY D3-VS10-600U,Storage
EMC,UNITY D3-VS12FX-1600,Storage
EMC,UNITY D3-VS12FX-1600TU,Storage
EMC,UNITY D3-VS12FX-1600U,Storage
EMC,UNITY D3-VS12FX-200,Storage
EMC,UNITY D3-VS12FX-200TU,Storage
EMC,UNITY D3-VS12FX-200U,Storage
EMC,UNITY D3-VS12FX-400,Storage
EMC,UNITY D3-VS12FX-400TU,Storage
EMC,UNITY D3-VS12FX-400U,Storage
EMC,UNITY D3-VS12FX-800,Storage
EMC,UNITY D3-VS12FX-800TU,Storage
EMC,UNITY D3-VS12FX-800U,Storage
EMC,UNITY D3-VS15-600,Storage
EMC,UNITY D3-VS15-600TU,Storage
EMC,UNITY D3-VS15-600U,Storage
EMC,UNITY Hybrid,Storage
EMC,UNITY VSA,Storage
EMC,V3-VS15-300EU,Appliances
EMC,VG10,Storage
EMC,VG2,Storage
EMC,VG50,Storage
EMC,VG8,Storage
EMC,VMAX,Storage
EMC,VMAX SE,Storage
EMC,VMAX-10K,Storage
EMC,VMAX-20K,Storage
EMC,VMAX-40K,Storage
EMC,VMAXe,Storage
EMC,VNX5100,Storage
EMC,VNX5200,Storage
EMC,VNX5300,Storage
EMC,VNX5400,Storage
EMC,VNX5500,Storage
EMC,VNX5600,Storage
EMC,VNX5700,Storage
EMC,VNX5800,Storage
EMC,VNX7500,Storage
EMC,VNX7600,Storage
EMC,VNX8000,Storage
EMC,VNXe1600 SAN,Storage
EMC,VNXe3100,Storage
EMC,VNXe3150,Storage
EMC,VNXe3200 Hybrid,Storage
EMC,VNXe3200 Unified All-Flash,Storage
EMC,VNXe3300,Storage
EMC,VSS1600 Surveillance,Appliances
EMC,XtremIO,Storage
EMC,XTREMIO X01-CTRL-F,Storage
EMC,XTREMIO X01-CTRL-TAGF,Storage
EMC,XTREMIO X01-D25-400F,Storage
EMC,XTREMIO X01-FC-10M,Storage
EMC,XTREMIO X01-FC-1M,Storage
EMC,XTREMIO X01-FC-3M,Storage
EMC,XTREMIO X01-IB-C-1M,Storage
EMC,XTREMIO X01-IB-C-3M,Storage
EMC,XTREMIO X01-IB-C-50CM,Storage
EMC,XTREMIO X01-IB-C-5M,Storage
EMC,XTREMIO X01-IBSW-36F,Storage
EMC,XTREMIO X01-ISCSI-10M,Storage
EMC,XTREMIO X01-ISCSI-1M,Storage
EMC,XTREMIO X01-ISCSI-3M,Storage
EMC,XTREMIO X01-MNGT-F,Storage
EMC,XTREMIO X01-PW-IEC3S,Storage
EMC,XTREMIO X01-PW-RSS,Storage
EMC,XTREMIO X01-PW-USS,Storage
EMC,XTREMIO X01-RACK-40U,Storage
EMC,XTREMIO X01-UPS-220F,Storage
EMC,XTREMIO X01-UPS-220FP,Storage
EMC,XTREMIO X02-012-400-E-U,Storage
EMC,XTREMIO X02-3-6-BEZ-KIT,Storage
EMC,XTREMIO X02-6U-FILLER,Storage
EMC,XTREMIO X02-BEAST-BEZ-KIT,Storage
EMC,XTREMIO X02-CTRLE,Storage
EMC,XTREMIO X02-CTRLE-400,Storage
EMC,XTREMIO X02-CTRLE-400-F,Storage
EMC,XTREMIO X02-CTRLE-400-T,Storage
EMC,XTREMIO X02-CTRLE-400-T-F,Storage
EMC,XTREMIO X02-CTRLE-400-U,Storage
EMC,XTREMIO X02-CTRLE-EXP-TAG,Storage
EMC,XTREMIO X02-CTRLE-EXP-T-F,Storage
EMC,XTREMIO X02-CTRLE-F,Storage
EMC,XTREMIO X02-CTRLE-T,Storage
EMC,XTREMIO X02-CTRLE-T-F,Storage
EMC,XTREMIO X02-CTRLE-U,Storage
EMC,XTREMIO X02-CTRL-U,Storage
EMC,XTREMIO X02-D13-400-E,Storage
EMC,XTREMIO X02-D13-400-E-F,Storage
EMC,XTREMIO X02-D25-400-E,Storage
EMC,XTREMIO X02-D25-400-E-F,Storage
EMC,XTREMIO X02-D25-400-E-U,Storage
EMC,XTREMIO X02-D25-400-U,Storage
EMC,XTREMIO X02-D25-800,Storage
EMC,XTREMIO X02-D25-800-10T-F,Storage
EMC,XTREMIO X02-D25-800F,Storage
EMC,XTREMIO X02-D25-800-U,Storage
EMC,XTREMIO X02-DISP-2M-KIT,Storage
EMC,XTREMIO X02-DISP-5M-KIT,Storage
EMC,XTREMIO X02-DUAL-BEZ-KIT,Storage
EMC,XTREMIO X02-E-D25-400-E-F,Storage
EMC,XTREMIO X02-FC-10M,Storage
EMC,XTREMIO X02-FC-1M,Storage
EMC,XTREMIO X02-FC-3M,Storage
EMC,XTREMIO X02-IBSW,Storage
EMC,XTREMIO X02-IBSW-F,Storage
EMC,XTREMIO X02-IBSW-U,Storage
EMC,XTREMIO X02-ISCSI-10M,Storage
EMC,XTREMIO X02-ISCSI-1M,Storage
EMC,XTREMIO X02-ISCSI-3M,Storage
EMC,XTREMIO X02-KIT-01,Storage
EMC,XTREMIO X02-KIT-01-C,Storage
EMC,XTREMIO X02-KIT01-FD,Storage
EMC,XTREMIO X02-KIT-02,Storage
EMC,XTREMIO X02-KIT-02-C,Storage
EMC,XTREMIO X02-KIT02-FD,Storage
EMC,XTREMIO X02-KIT02-R-U,Storage
EMC,XTREMIO X02-KIT02-U,Storage
EMC,XTREMIO X02-KIT-03,Storage
EMC,XTREMIO X02-KIT03-FD,Storage
EMC,XTREMIO X02-KIT03-R-U,Storage
EMC,XTREMIO X02-KIT03-U,Storage
EMC,XTREMIO X02-KIT-04,Storage
EMC,XTREMIO X02-KIT-04-C,Storage
EMC,XTREMIO X02-KIT04-FD,Storage
EMC,XTREMIO X02-KIT04-R-U,Storage
EMC,XTREMIO X02-KIT04-U,Storage
EMC,XTREMIO X02-KIT-05,Storage
EMC,XTREMIO X02-KIT05-FD,Storage
EMC,XTREMIO X02-KIT05-R-U,Storage
EMC,XTREMIO X02-KIT05-U,Storage
EMC,XTREMIO X02-KIT-06,Storage
EMC,XTREMIO X02-KIT-06-C,Storage
EMC,XTREMIO X02-KIT06-FD,Storage
EMC,XTREMIO X02-KIT06-R-U,Storage
EMC,XTREMIO X02-KIT06-U,Storage
EMC,XTREMIO X02-KIT-07,Storage
EMC,XTREMIO X02-KIT07-FD,Storage
EMC,XTREMIO X02-KIT07-R-U,Storage
EMC,XTREMIO X02-KIT07-U,Storage
EMC,XTREMIO X02-KIT-08,Storage
EMC,XTREMIO X02-KIT-08-C,Storage
EMC,XTREMIO X02-KIT08-FD,Storage
EMC,XTREMIO X02-KIT08-R-U,Storage
EMC,XTREMIO X02-KIT08-U,Storage
EMC,XTREMIO X02-KIT-S,Storage
EMC,XTREMIO X02-KITS-FD,Storage
EMC,XTREMIO X02-PW-ASTL,Storage
EMC,XTREMIO X02-PWD-ASTL-44U,Storage
EMC,XTREMIO X02-PWD-IEC3S-44U,Storage
EMC,XTREMIO X02-PWD-RSS-44U,Storage
EMC,XTREMIO X02-PWD-USS-44U,Storage
EMC,XTREMIO X02-PW-IEC3S,Storage
EMC,XTREMIO X02-PW-RSS,Storage
EMC,XTREMIO X02-PW-USS,Storage
EMC,XTREMIO X02-RACK-40U,Storage
EMC,XTREMIO X02-RACK-40U-BEAST,Storage
EMC,XTREMIO X02-RACK-44U,Storage
EMC,XTREMIO X02-SCALE-60T-RTU,Storage
EMC,XTREMIO X02-SINGLE-BEZ-KIT,Storage
EMC,XTREMIO X02-TRANSFMR-U-FD,Storage
EMC,XTREMIO X02-UPS-220,Storage
EMC,XTREMIO X02-UPS-220F,Storage
EMC,XTREMIO X02-UPS-220FP,Storage
EMC,XTREMIO X02-UPS-220P,Storage
EMC,XTREMIO X02-UPS-220-U,Storage
EMC,XTREMIO X02-VRACK-FD,Storage
EMC,XTREMIO X02-VRACK-U,Storage
EMC,XTREMIO X03-CTRLE-1600,Storage
EMC,XTREMIO X03-CTRLE-1600-F,Storage
EMC,XTREMIO X03-CTRLE-1600-T,Storage
EMC,XTREMIO X03-CTRLE-1600-T-F,Storage
EMC,XTREMIO X03-D25-1.6T-30T-F,Storage
EMC,XTREMIO X03-D25-1600-E,Storage
EMC,XTREMIO X03-D25-1600-E-F,Storage
EMC,XTREMIO X03-D25-1600-E-U,Storage
EMC,XTREMIO-RP-HW-G6T,Storage