category,name,subcategory
Offer Display Name,other_microsoft, 
Windows 10 Enterprise E3,other_microsoft, 
Windows 10 Enterprise E3 VDA,other_microsoft, 
Windows 10 Enterprise E5,other_microsoft, 
Azure Rights Management for faculty,Microsoft Azure, 
Azure Rights Management for students,Microsoft Azure, 
Dynamics 365 for Financials Business Edition Trial,Dynamics 365, 
Windows 10 Enterprise E5,other_microsoft, 
Additional PSTN numbers to extend Skype for Business features,other_microsoft, 
Azure Active Directory Basic,Microsoft Azure, 
Azure Active Directory Basic for Faculty,Microsoft Azure, 
Azure Active Directory Basic for Students,Microsoft Azure, 
Azure Active Directory Premium P1,Microsoft Azure, 
Azure Active Directory Premium P1 for Faculty,Microsoft Azure, 
Azure Active Directory Premium P1 for Students,Microsoft Azure, 
Azure Active Directory Premium P2,Microsoft Azure, 
Azure Active Directory Premium P2 for Faculty,Microsoft Azure, 
Azure Active Directory Premium P2 for Students,Microsoft Azure, 
Azure Information Protection Plan 1,Microsoft Azure, 
Azure Information Protection Premium P1 for Faculty,Microsoft Azure, 
Azure Information Protection Premium P1 for Students,Microsoft Azure, 
Azure Information Protection Premium P2,Microsoft Azure, 
Azure Information Protection Premium P2 for Faculty,Microsoft Azure, 
Azure Information Protection Premium P2 for Students,Microsoft Azure, 
Customer Lockbox,other_microsoft, 
Customer Lockbox for faculty,other_microsoft, 
Customer Lockbox for students,other_microsoft, 
Delve Analytics,other_microsoft, 
Delve Analytics for faculty,other_microsoft, 
Delve Analytics for students,other_microsoft, 
Dyn365 Cloud Add-on From AX Enterprise to Retail,Dynamics 365, 
Dyn365 Cloud Add-on From AX Enterprise to Retail for Faculty,Dynamics 365, 
Dyn365 Cloud Add-on From AX Enterprise to Retail for Student,Dynamics 365, 
Dyn365 Cloud Add-on From AX Enterprise to Talent,Dynamics 365, 
Dyn365 Cloud Add-on From AX Enterprise to Talent for Faculty,Dynamics 365, 
Dyn365 Cloud Add-on From AX Enterprise to Talent for Student,Dynamics 365, 
Dyn365 Cloud Add-on From AX Functional to Retail,Dynamics 365, 
Dyn365 Cloud Add-on From AX Functional to Retail for Faculty,Dynamics 365, 
Dyn365 Cloud Add-on From AX Functional to Retail for Student,Dynamics 365, 
Dyn365 Cloud Add-on From AXEnt/Func to Unified Operations Plan (Qualified Offer),Dynamics 365, 
Dyn365 Cloud Add-on From AXEnt/Func to Unified Operations Plan for Faculty (Qualified Offer),Dynamics 365, 
Dyn365 Cloud Add-on From AXEnt/Func to Unified Operations Plan for Student (Qualified Offer),Dynamics 365, 
"Dyn365 for Operations Activity, Enterprise Edition",Dynamics 365, 
"Dyn365 for Operations Activity, Enterprise Edition for Faculty",Dynamics 365, 
"Dyn365 for Operations Activity, Enterprise Edition for Student",Dynamics 365, 
Dyn365 for Retail FromSA From AX Enterprise/Functional,Dynamics 365, 
Dyn365 for Retail FromSA From AX Enterprise/Functional for Faculty,Dynamics 365, 
Dyn365 for Retail FromSA From AX Enterprise/Functional for Student,Dynamics 365, 
Dyn365 for Talent FromSA From AX Enterprise,Dynamics 365, 
Dyn365 for Talent FromSA From AX Enterprise for Faculty,Dynamics 365, 
Dyn365 for Talent FromSA From AX Enterprise for Student,Dynamics 365, 
Dyn365 Unified Operations Plan From SA From AX Ent/Func (Qualified Offer),Dynamics 365, 
Dyn365 Unified Operations Plan From SA From AX Ent/Func for Faculty (Qualified Offer),Dynamics 365, 
Dyn365 Unified Operations Plan From SA From AX Ent/Func for Student (Qualified Offer),Dynamics 365, 
Dynamics 365 Ent Edition Cust Eng Plan - Add-On for CRM Basic (Qualified Offer),Dynamics 365, 
Dynamics 365 Ent Edition Cust Eng Plan - Add-On for CRM Basic (Qualified Offer) for Faculty,Dynamics 365, 
Dynamics 365 Ent Edition Cust Eng Plan - Add-On for CRM Basic (Qualified Offer) for Students,Dynamics 365, 
Dynamics 365 Ent Edition Cust Eng Plan - Add-On for CRM Pro (Qualified Offer),Dynamics 365, 
Dynamics 365 Ent Edition Cust Eng Plan - Add-On for CRM Pro (Qualified Offer) for Faculty,Dynamics 365, 
Dynamics 365 Ent Edition Cust Eng Plan - Add-On for CRM Pro (Qualified Offer) for Students,Dynamics 365, 
Dynamics 365 Ent Edition Cust Eng Plan - From SA for CRM Basic (Qualified Offer),Dynamics 365, 
Dynamics 365 Ent Edition Cust Eng Plan - From SA for CRM Basic (Qualified Offer) for Faculty,Dynamics 365, 
Dynamics 365 Ent Edition Cust Eng Plan - From SA for CRM Basic (Qualified Offer) for Students,Dynamics 365, 
Dynamics 365 Ent Edition Cust Eng Plan - From SA for CRM Pro (Qualified Offer),Dynamics 365, 
Dynamics 365 Ent Edition Cust Eng Plan - From SA for CRM Pro (Qualified Offer) for Faculty,Dynamics 365, 
Dynamics 365 Ent Edition Cust Eng Plan - From SA for CRM Pro (Qualified Offer) for Students,Dynamics 365, 
Dynamics 365 Ent Edition Cust Eng Plan - From SA From Cust Eng Plan Business Apps (On-Premises) User CALs,Dynamics 365, 
Dynamics 365 Ent Edition Cust Eng Plan - From SA From Cust Eng Plan Business Apps (On-Premises) User CALs for Faculty,Dynamics 365, 
Dynamics 365 Ent Edition Cust Eng Plan - From SA From Cust Eng Plan Business Apps (On-Premises) User CALs for Students,Dynamics 365, 
Dynamics 365 Ent edition Cust Eng Plan - Tier 1 (1-99 users),Dynamics 365, 
Dynamics 365 Ent edition Cust Eng Plan - Tier 1 (1-99 users) for Faculty,Dynamics 365, 
Dynamics 365 Ent edition Cust Eng Plan - Tier 1 (1-99 users) for Students,Dynamics 365, 
Dynamics 365 Ent Edition Cust Eng Plan - Tier 1 Qualified Offer for CRMOL Pro Add-On to O365 Users,Dynamics 365, 
Dynamics 365 Ent Edition Cust Eng Plan - Tier 1 Qualified Offer for CRMOL Pro Add-On to O365 Users for Faculty,Dynamics 365, 
Dynamics 365 Ent Edition Cust Eng Plan - Tier 1 Qualified Offer for CRMOL Pro Add-On to O365 Users for Students,Dynamics 365, 
Dynamics 365 Ent Edition Cust Eng Plan - Tier 2 (100-249 Users),Dynamics 365, 
Dynamics 365 Ent Edition Cust Eng Plan - Tier 3 (250-499 Users),Dynamics 365, 
Dynamics 365 Ent Edition Cust Eng Plan - Tier 4 (500-999 Users),Dynamics 365, 
Dynamics 365 Ent Edition Cust Eng Plan - Tier 5 (1000+ Users),Dynamics 365, 
Dynamics 365 Ent Edition Cust Eng Plan for CRMOL Basic (Qualified Offer),Dynamics 365, 
Dynamics 365 Ent Edition Cust Eng Plan for CRMOL Basic (Qualified Offer) for Faculty,Dynamics 365, 
Dynamics 365 Ent Edition Cust Eng Plan for CRMOL Basic (Qualified Offer) for Students,Dynamics 365, 
Dynamics 365 Ent Edition Cust Eng Plan for CRMOL Professional (Qualified Offer),Dynamics 365, 
Dynamics 365 Ent Edition Cust Eng Plan for CRMOL Professional (Qualified Offer) for Faculty,Dynamics 365, 
Dynamics 365 Ent Edition Cust Eng Plan for CRMOL Professional (Qualified Offer) for Students,Dynamics 365, 
Dynamics 365 Ent Edition Plan,Dynamics 365, 
Dynamics 365 Ent Edition Plan - Add-On for AX Ent/Functional (Qualified Offer),Dynamics 365, 
Dynamics 365 Ent Edition Plan - Add-On for AX Ent/Functional (Qualified Offer) for Faculty,Dynamics 365, 
Dynamics 365 Ent Edition Plan - Add-On for AX Ent/Functional (Qualified Offer) for Students,Dynamics 365, 
Dynamics 365 Ent Edition Plan - From SA for AX Ent/Functional (Qualified Offer),Dynamics 365, 
Dynamics 365 Ent Edition Plan - From SA for AX Ent/Functional (Qualified Offer) for Faculty,Dynamics 365, 
Dynamics 365 Ent Edition Plan - From SA for AX Ent/Functional (Qualified Offer) for Students,Dynamics 365, 
Dynamics 365 Ent Edition Plan - Operations Addnl Database Storage,Dynamics 365, 
Dynamics 365 Ent Edition Plan - Operations Addnl Database Storage for Faculty,Dynamics 365, 
Dynamics 365 Ent Edition Plan - Operations Addnl Database Storage for Students,Dynamics 365, 
Dynamics 365 Ent Edition Plan - Operations Addnl File Storage,Dynamics 365, 
Dynamics 365 Ent Edition Plan - Operations Addnl File Storage for Faculty,Dynamics 365, 
Dynamics 365 Ent Edition Plan - Operations Addnl File Storage for Students,Dynamics 365, 
Dynamics 365 Ent Edition Plan - Operations Sandbox Tier 1:Developer & Test Instance,Dynamics 365, 
Dynamics 365 Ent Edition Plan - Operations Sandbox Tier 1:Developer & Test Instance for Faculty,Dynamics 365, 
Dynamics 365 Ent Edition Plan - Operations Sandbox Tier 1:Developer & Test Instance for Students,Dynamics 365, 
Dynamics 365 Ent Edition Plan - Operations Sandbox Tier 2:Standard Acceptance Testing,Dynamics 365, 
Dynamics 365 Ent Edition Plan - Operations Sandbox Tier 2:Standard Acceptance Testing for Faculty,Dynamics 365, 
Dynamics 365 Ent Edition Plan - Operations Sandbox Tier 2:Standard Acceptance Testing for Students,Dynamics 365, 
Dynamics 365 Ent Edition Plan - Operations Sandbox Tier 3:Premier Acceptance Testing,Dynamics 365, 
Dynamics 365 Ent Edition Plan - Operations Sandbox Tier 3:Premier Acceptance Testing for Faculty,Dynamics 365, 
Dynamics 365 Ent Edition Plan - Operations Sandbox Tier 3:Premier Acceptance Testing for Students,Dynamics 365, 
Dynamics 365 Ent Edition Plan - Operations Sandbox Tier 4:Standard Performance Testing,Dynamics 365, 
Dynamics 365 Ent Edition Plan - Operations Sandbox Tier 4:Standard Performance Testing for Faculty,Dynamics 365, 
Dynamics 365 Ent Edition Plan - Operations Sandbox Tier 4:Standard Performance Testing for Students,Dynamics 365, 
Dynamics 365 Ent Edition Plan - Operations Sandbox Tier 5:Premier Performance Testing,Dynamics 365, 
Dynamics 365 Ent Edition Plan - Operations Sandbox Tier 5:Premier Performance Testing for Faculty,Dynamics 365, 
Dynamics 365 Ent Edition Plan - Operations Sandbox Tier 5:Premier Performance Testing for Students,Dynamics 365, 
Dynamics 365 Ent edition Plan for Faculty,Dynamics 365, 
Dynamics 365 Ent edition Plan for Students,Dynamics 365, 
Dynamics 365 Enterprise Edition - Additional Database Storage,Dynamics 365, 
Dynamics 365 Enterprise Edition - Additional Non-Production Instance,Dynamics 365, 
Dynamics 365 Enterprise Edition - Additional Portal,Dynamics 365, 
Dynamics 365 Enterprise Edition - Additional Portal Page Views,Dynamics 365, 
Dynamics 365 Enterprise Edition - Additional Production Instance,Dynamics 365, 
Dynamics 365 Enterprise Edition - Additional Social Posts,Dynamics 365, 
"Dynamics 365 for Customer Service, Enterprise Edition",Dynamics 365, 
"Dynamics 365 for Customer Service, Enterprise Edition - Add-On for CRM Basic (Qualified Offer)",Dynamics 365, 
"Dynamics 365 for Customer Service, Enterprise Edition - Add-On for CRM Basic (Qualified Offer) for Faculty",Dynamics 365, 
"Dynamics 365 for Customer Service, Enterprise Edition - Add-On for CRM Basic (Qualified Offer) for Students",Dynamics 365, 
"Dynamics 365 for Customer Service, Enterprise Edition - From SA for CRM Basic (Qualified Offer)",Dynamics 365, 
"Dynamics 365 for Customer Service, Enterprise Edition - From SA for CRM Basic (Qualified Offer) for Faculty",Dynamics 365, 
"Dynamics 365 for Customer Service, Enterprise Edition - From SA for CRM Basic (Qualified Offer) for Students",Dynamics 365, 
"Dynamics 365 for Customer Service, Enterprise Edition - From SA From Customer Service (On-Premises) Device CAL",Dynamics 365, 
"Dynamics 365 for Customer Service, Enterprise Edition - From SA From Customer Service (On-Premises) Device CAL for Faculty",Dynamics 365, 
"Dynamics 365 for Customer Service, Enterprise Edition - From SA From Customer Service (On-Premises) Device CAL for Students",Dynamics 365, 
"Dynamics 365 for Customer Service, Enterprise Edition - From SA From Customer Service (On-Premises) User CAL",Dynamics 365, 
"Dynamics 365 for Customer Service, Enterprise Edition - From SA From Customer Service (On-Premises) User CAL for Faculty",Dynamics 365, 
"Dynamics 365 for Customer Service, Enterprise Edition - From SA From Customer Service (On-Premises) User CAL for Students",Dynamics 365, 
"Dynamics 365 for Customer Service, Enterprise Edition Device",Dynamics 365, 
"Dynamics 365 for Customer Service, Enterprise Edition Device for Faculty",Dynamics 365, 
"Dynamics 365 for Customer Service, Enterprise Edition Device for Students",Dynamics 365, 
"Dynamics 365 for Customer Service, Enterprise Edition for CRMOL Basic (Qualified Offer)",Dynamics 365, 
"Dynamics 365 for Customer Service, Enterprise Edition for CRMOL Basic (Qualified Offer) for Faculty",Dynamics 365, 
"Dynamics 365 for Customer Service, Enterprise Edition for CRMOL Basic (Qualified Offer) for Students",Dynamics 365, 
"Dynamics 365 for Customer Service, Enterprise Edition for CRMOL Professional (Qualified Offer)",Dynamics 365, 
"Dynamics 365 for Customer Service, Enterprise Edition for CRMOL Professional (Qualified Offer) for Faculty",Dynamics 365, 
"Dynamics 365 for Customer Service, Enterprise Edition for CRMOL Professional (Qualified Offer) for Students",Dynamics 365, 
"Dynamics 365 for Customer Service, Enterprise Edition for Faculty",Dynamics 365, 
"Dynamics 365 for Customer Service, Enterprise Edition for Students",Dynamics 365, 
"Dynamics 365 for Customer Service, Enterprise Edition Qualified Offer for CRMOL Pro Add-On to O365 Users",Dynamics 365, 
"Dynamics 365 for Customer Service, Enterprise Edition Qualified Offer for CRMOL Pro Add-On to O365 Users for Faculty",Dynamics 365, 
"Dynamics 365 for Customer Service, Enterprise Edition Qualified Offer for CRMOL Pro Add-On to O365 Users for Students",Dynamics 365, 
"Dynamics 365 for Field Service, Enterprise Edition",Dynamics 365, 
"Dynamics 365 for Field Service, Enterprise Edition - Resource Scheduling Optimization",Dynamics 365, 
"Dynamics 365 for Field Service, Enterprise Edition Device",Dynamics 365, 
"Dynamics 365 for Field Service, Enterprise Edition Device for Faculty",Dynamics 365, 
"Dynamics 365 for Field Service, Enterprise Edition Device for Students",Dynamics 365, 
"Dynamics 365 for Field Service, Enterprise Edition for CRMOL Basic + Field Service Add-On (Qualified Offer)",Dynamics 365, 
"Dynamics 365 for Field Service, Enterprise Edition for CRMOL Basic + Field Service Add-On (Qualified Offer) for Faculty",Dynamics 365, 
"Dynamics 365 for Field Service, Enterprise Edition for CRMOL Basic + Field Service Add-On (Qualified Offer) for Students",Dynamics 365, 
"Dynamics 365 for Field Service, Enterprise Edition for Faculty",Dynamics 365, 
"Dynamics 365 for Field Service, Enterprise Edition for Students",Dynamics 365, 
"Dynamics 365 for Financials, Business Edition",Dynamics 365, 
"Dynamics 365 for Financials, Business Edition - External Accountant",Dynamics 365, 
"Dynamics 365 for Financials, Business Edition - External Accountant for Faculty",Dynamics 365, 
"Dynamics 365 for Financials, Business Edition - External Accountant for Students",Dynamics 365, 
"Dynamics 365 for Financials, Business Edition add-on for NAV Ltd, or SL AM/BE/Std (qualified offer)",Dynamics 365, 
"Dynamics 365 for Financials, Business Edition add-on for NAV Ltd, or SL AM/BE/Std (qualified offer) for Faculty",Dynamics 365, 
"Dynamics 365 for Financials, Business Edition add-on for NAV Ltd, or SL AM/BE/Std (qualified offer) for Students",Dynamics 365, 
"Dynamics 365 for Financials, Business Edition add-on for NAV/GP Full or SL Pro (qualified offer)",Dynamics 365, 
"Dynamics 365 for Financials, Business Edition add-on for NAV/GP Full or SL Pro (qualified offer) for Faculty",Dynamics 365, 
"Dynamics 365 for Financials, Business Edition add-on for NAV/GP Full or SL Pro (qualified offer) for Students",Dynamics 365, 
"Dynamics 365 for Financials, Business Edition for Faculty",Dynamics 365, 
"Dynamics 365 for Financials, Business Edition for Students",Dynamics 365, 
"Dynamics 365 for Financials, Business Edition from SA for NAV/GP Full, NAV Ltd, or SL AM/BE/Std/Pro (qualified offer)",Dynamics 365, 
"Dynamics 365 for Financials, Business Edition from SA for NAV/GP Full, NAV Ltd, or SL AM/BE/Std/Pro (qualified offer) for Faculty",Dynamics 365, 
"Dynamics 365 for Financials, Business Edition from SA for NAV/GP Full, NAV Ltd, or SL AM/BE/Std/Pro (qualified offer) for Students",Dynamics 365, 
"Dynamics 365 for Operations Activity for Faculty, Enterprise Edition Cloud Add-on from AX Functional",Dynamics 365, 
"Dynamics 365 for Operations Activity for Faculty, Enterprise Edition Cloud Add-on from AX Functional (Qualified Offer)",Dynamics 365, 
"Dynamics 365 for Operations Activity for Faculty, Enterprise Edition Cloud Add-on from AX Task ",Dynamics 365, 
"Dynamics 365 for Operations Activity for Faculty, Enterprise Edition Cloud Add-on from AX Task (Qualified Offer)",Dynamics 365, 
"Dynamics 365 for Operations Activity for Faculty, Enterprise Edition from SA from AX Functional or Task (Qualified Offer)",Dynamics 365, 
"Dynamics 365 for Operations Activity for Faculty, Enterprise Edition From SA from AX Functionality or Task",Dynamics 365, 
"Dynamics 365 for Operations Activity for Student, Enterprise Edition Cloud Add-on from AX Functional",Dynamics 365, 
"Dynamics 365 for Operations Activity for Student, Enterprise Edition Cloud Add-on from AX Functional (Qualified Offer)",Dynamics 365, 
"Dynamics 365 for Operations Activity for Student, Enterprise Edition Cloud Add-on from AX Task ",Dynamics 365, 
"Dynamics 365 for Operations Activity for Student, Enterprise Edition Cloud Add-on from AX Task (Qualified Offer)",Dynamics 365, 
"Dynamics 365 for Operations Activity for Student, Enterprise Edition from SA from AX Functional or Task (Qualified Offer)",Dynamics 365, 
"Dynamics 365 for Operations Activity for Student, Enterprise Edition From SA from AX Functionality or Task",Dynamics 365, 
"Dynamics 365 for Operations Activity, Enterprise Edition Cloud Add-on from AX Functional",Dynamics 365, 
"Dynamics 365 for Operations Activity, Enterprise Edition Cloud Add-on from AX Functional (Qualified Offer)",Dynamics 365, 
"Dynamics 365 for Operations Activity, Enterprise Edition Cloud Add-on from AX Task ",Dynamics 365, 
"Dynamics 365 for Operations Activity, Enterprise edition Cloud Add-on from AX Task (Qualified Offer)",Dynamics 365, 
"Dynamics 365 for Operations Activity, Enterprise Edition from SA from AX Functional or Task (Qualified Offer)",Dynamics 365, 
"Dynamics 365 for Operations Activity, Enterprise Edition From SA from AX Functionality or Task",Dynamics 365, 
"Dynamics 365 for Operations, Enterprise Edition - Additional Database Storage",Dynamics 365, 
"Dynamics 365 for Operations, Enterprise Edition - Additional Database Storage for Faculty",Dynamics 365, 
"Dynamics 365 for Operations, Enterprise Edition - Additional Database Storage for Students",Dynamics 365, 
"Dynamics 365 for Operations, Enterprise Edition - Additional File Storage",Dynamics 365, 
"Dynamics 365 for Operations, Enterprise Edition - Additional File Storage for Faculty",Dynamics 365, 
"Dynamics 365 for Operations, Enterprise Edition - Additional File Storage for Students",Dynamics 365, 
"Dynamics 365 for Operations, Enterprise Edition - Sandbox Tier 1:Developer & Test Instance",Dynamics 365, 
"Dynamics 365 for Operations, Enterprise Edition - Sandbox Tier 1:Developer & Test Instance for Faculty",Dynamics 365, 
"Dynamics 365 for Operations, Enterprise Edition - Sandbox Tier 1:Developer & Test Instance for Students",Dynamics 365, 
"Dynamics 365 for Operations, Enterprise Edition - Sandbox Tier 2:Standard Acceptance Testing",Dynamics 365, 
"Dynamics 365 for Operations, Enterprise Edition - Sandbox Tier 2:Standard Acceptance Testing for Faculty",Dynamics 365, 
"Dynamics 365 for Operations, Enterprise Edition - Sandbox Tier 2:Standard Acceptance Testing for Students",Dynamics 365, 
"Dynamics 365 for Operations, Enterprise Edition - Sandbox Tier 3:Premier Acceptance Testing",Dynamics 365, 
"Dynamics 365 for Operations, Enterprise Edition - Sandbox Tier 3:Premier Acceptance Testing for Faculty",Dynamics 365, 
"Dynamics 365 for Operations, Enterprise Edition - Sandbox Tier 3:Premier Acceptance Testing for Students",Dynamics 365, 
"Dynamics 365 for Operations, Enterprise Edition - Sandbox Tier 4:Standard Performance Testing",Dynamics 365, 
"Dynamics 365 for Operations, Enterprise Edition - Sandbox Tier 4:Standard Performance Testing for Faculty",Dynamics 365, 
"Dynamics 365 for Operations, Enterprise Edition - Sandbox Tier 4:Standard Performance Testing for Students",Dynamics 365, 
"Dynamics 365 for Operations, Enterprise Edition - Sandbox Tier 5:Premier Performance Testing",Dynamics 365, 
"Dynamics 365 for Operations, Enterprise Edition - Sandbox Tier 5:Premier Performance Testing for Faculty",Dynamics 365, 
"Dynamics 365 for Operations, Enterprise Edition - Sandbox Tier 5:Premier Performance Testing for Students",Dynamics 365, 
"Dynamics 365 for Operations, Enterprise Edition Device",Dynamics 365, 
"Dynamics 365 for Operations, Enterprise Edition Device add-on for AX Task Device (qualified offer)",Dynamics 365, 
"Dynamics 365 for Operations, Enterprise Edition Device add-on for AX Task Device (qualified offer) for Faculty",Dynamics 365, 
"Dynamics 365 for Operations, Enterprise Edition Device add-on for AX Task Device (qualified offer) for Students",Dynamics 365, 
"Dynamics 365 for Operations, Enterprise Edition Device for Faculty",Dynamics 365, 
"Dynamics 365 for Operations, Enterprise Edition Device for Students",Dynamics 365, 
"Dynamics 365 for Operations, Enterprise Edition Device from SA for AX Task Device (qualified offer)",Dynamics 365, 
"Dynamics 365 for Operations, Enterprise Edition Device from SA for AX Task Device (qualified offer) for Faculty",Dynamics 365, 
"Dynamics 365 for Operations, Enterprise Edition Device from SA for AX Task Device (qualified offer) for Students",Dynamics 365, 
"Dynamics 365 for Project Service Automation, Enterprise Edition",Dynamics 365, 
"Dynamics 365 for Project Service Automation, Enterprise Edition for CRMOL Basic + Project Service Add-On (Qualified Offer)",Dynamics 365, 
"Dynamics 365 for Project Service Automation, Enterprise Edition for CRMOL Basic + Project Service Add-On (Qualified Offer) for Faculty",Dynamics 365, 
"Dynamics 365 for Project Service Automation, Enterprise Edition for CRMOL Basic + Project Service Add-On (Qualified Offer) for Students",Dynamics 365, 
"Dynamics 365 for Project Service Automation, Enterprise Edition for Faculty",Dynamics 365, 
"Dynamics 365 for Project Service Automation, Enterprise Edition for Students",Dynamics 365, 
"Dynamics 365 for Retail, Enterprise Edition",Dynamics 365, 
"Dynamics 365 for Retail, Enterprise Edition for Faculty",Dynamics 365, 
"Dynamics 365 for Retail, Enterprise Edition for Student",Dynamics 365, 
"Dynamics 365 for Sales and Customer Service, Enterprise Editions (SMB Offer)",Dynamics 365, 
Dynamics 365 for Sales Enterprise Edition,Dynamics 365, 
Dynamics 365 for Sales Enterprise Edition (SMB Offer),Dynamics 365, 
Dynamics 365 for Sales Enterprise Edition Add-On for CRM Basic (Qualified Offer),Dynamics 365, 
Dynamics 365 for Sales Enterprise Edition Add-On for CRM Basic (Qualified Offer) for Faculty,Dynamics 365, 
Dynamics 365 for Sales Enterprise Edition Add-On for CRM Basic (Qualified Offer) for Students,Dynamics 365, 
Dynamics 365 for Sales Enterprise Edition CRMOL Basic (Qualified Offer),Dynamics 365, 
Dynamics 365 for Sales Enterprise Edition CRMOL Basic (Qualified Offer) for Faculty,Dynamics 365, 
Dynamics 365 for Sales Enterprise Edition CRMOL Basic (Qualified Offer) for Students,Dynamics 365, 
Dynamics 365 for Sales Enterprise Edition CRMOL Professional (Qualified Offer),Dynamics 365, 
Dynamics 365 for Sales Enterprise Edition CRMOL Professional (Qualified Offer) for Faculty,Dynamics 365, 
Dynamics 365 for Sales Enterprise Edition CRMOL Professional (Qualified Offer) for Students,Dynamics 365, 
Dynamics 365 for Sales Enterprise Edition Device,Dynamics 365, 
Dynamics 365 for Sales Enterprise Edition Device for Faculty,Dynamics 365, 
Dynamics 365 for Sales Enterprise Edition for Faculty,Dynamics 365, 
Dynamics 365 for Sales Enterprise Edition for Students,Dynamics 365, 
Dynamics 365 for Sales Enterprise Edition From SA for CRM Basic (Qualified Offer),Dynamics 365, 
Dynamics 365 for Sales Enterprise Edition From SA for CRM Basic (Qualified Offer) for Faculty,Dynamics 365, 
Dynamics 365 for Sales Enterprise Edition From SA for CRM Basic (Qualified Offer) for Students,Dynamics 365, 
Dynamics 365 for Sales Enterprise Edition Qualified Offer for CRMOL Pro Add-On to O365 Users,Dynamics 365, 
Dynamics 365 for Sales Enterprise Edition Qualified Offer for CRMOL Pro Add-On to O365 Users for Faculty,Dynamics 365, 
Dynamics 365 for Sales Enterprise Edition Qualified Offer for CRMOL Pro Add-On to O365 Users for Students,Dynamics 365, 
Dynamics 365 for Sales Enterprise Edition Device for Students,Dynamics 365, 
"Dynamics 365 for Sales, Enterprise Edition - From SA From Sales (On-Premises) Device CAL",Dynamics 365, 
"Dynamics 365 for Sales, Enterprise Edition - From SA From Sales (On-Premises) Device CAL for Faculty",Dynamics 365, 
"Dynamics 365 for Sales, Enterprise Edition - From SA From Sales (On-Premises) Device CAL for Students",Dynamics 365, 
"Dynamics 365 for Sales, Enterprise Edition - From SA From Sales (On-Premises) User CAL",Dynamics 365, 
"Dynamics 365 for Sales, Enterprise Edition - From SA From Sales (On-Premises) User CAL for Faculty",Dynamics 365, 
"Dynamics 365 for Sales, Enterprise Edition - From SA From Sales (On-Premises) User CAL for Students",Dynamics 365, 
"Dynamics 365 for Talent, Enterprise Edition",Dynamics 365, 
"Dynamics 365 for Talent, Enterprise Edition for Faculty",Dynamics 365, 
"Dynamics 365 for Talent, Enterprise Edition for Student",Dynamics 365, 
Dynamics 365 for Team Members Enterprise Edition,Dynamics 365, 
Dynamics 365 for Team Members Enterprise Edition (SMB Offer),Dynamics 365, 
Dynamics 365 for Team Members Enterprise Edition (SMB Offer) for Faculty,Dynamics 365, 
Dynamics 365 for Team Members Enterprise Edition (SMB Offer) for Students,Dynamics 365, 
Dynamics 365 for Team Members Enterprise Edition Add-On for AX Task or Self-serve (Qualified Offer),Dynamics 365, 
Dynamics 365 for Team Members Enterprise Edition Add-On for AX Task or Self-serve (Qualified Offer) for Faculty,Dynamics 365, 
Dynamics 365 for Team Members Enterprise Edition Add-On for AX Task or Self-serve (Qualified Offer) for Students,Dynamics 365, 
Dynamics 365 for Team Members Enterprise Edition Add-On for CRM Essentials (Qualified Offer),Dynamics 365, 
Dynamics 365 for Team Members Enterprise Edition Add-On for CRM Essentials (Qualified Offer) for Faculty,Dynamics 365, 
Dynamics 365 for Team Members Enterprise Edition Add-On for CRM Essentials (Qualified Offer) for Students,Dynamics 365, 
Dynamics 365 for Team Members Enterprise Edition for Faculty,Dynamics 365, 
Dynamics 365 for Team Members Enterprise Edition for Students,Dynamics 365, 
Dynamics 365 for Team Members Enterprise Edition From SA for AX Task or Self-serve (Qualified Offer),Dynamics 365, 
Dynamics 365 for Team Members Enterprise Edition From SA for AX Task or Self-serve (Qualified Offer) for Faculty,Dynamics 365, 
Dynamics 365 for Team Members Enterprise Edition From SA for AX Task or Self-serve (Qualified Offer) for Students,Dynamics 365, 
Dynamics 365 for Team Members Enterprise Edition From SA for CRM Essentials (Qualified Offer),Dynamics 365, 
Dynamics 365 for Team Members Enterprise Edition From SA for CRM Essentials (Qualified Offer) for Faculty,Dynamics 365, 
Dynamics 365 for Team Members Enterprise Edition From SA for CRM Essentials (Qualified Offer) for Students,Dynamics 365, 
"Dynamics 365 for Team Members, Business Edition",Dynamics 365, 
"Dynamics 365 for Team Members, Business Edition add-on for GP Ltd/SL Light (qualified offer)",Dynamics 365, 
"Dynamics 365 for Team Members, Business Edition add-on for GP Ltd/SL Light (qualified offer) for Faculty",Dynamics 365, 
"Dynamics 365 for Team Members, Business Edition add-on for GP Ltd/SL Light (qualified offer) for Students",Dynamics 365, 
"Dynamics 365 for Team Members, Business Edition for Faculty",Dynamics 365, 
"Dynamics 365 for Team Members, Business Edition for Students",Dynamics 365, 
"Dynamics 365 for Team Members, Business Edition from SA for GP/SL Ltd (qualified offer)",Dynamics 365, 
"Dynamics 365 for Team Members, Business Edition from SA for GP/SL Ltd (qualified offer) for Faculty",Dynamics 365, 
"Dynamics 365 for Team Members, Business Edition from SA for GP/SL Ltd (qualified offer) for Students",Dynamics 365, 
"Dynamics 365 for Team Members, Enterprise Edition - From SA From Team Members (On-Premises) User/Device CAL",Dynamics 365, 
"Dynamics 365 for Team Members, Enterprise Edition - From SA From Team Members (On-Premises) User/Device CAL for Faculty",Dynamics 365, 
"Dynamics 365 for Team Members, Enterprise Edition - From SA From Team Members (On-Premises) User/Device CAL for Students",Dynamics 365, 
"Dynamics 365 for Unf Ops Plan, Ent Edition",Dynamics 365, 
"Dynamics 365 for Unf Ops Plan, Ent Edition for Faculty",Dynamics 365, 
"Dynamics 365 for Unf Ops Plan, Ent Edition for Students",Dynamics 365, 
Enterprise Mobility + Security E3,other_microsoft, 
Enterprise Mobility + Security E3 for Faculty,other_microsoft, 
Enterprise Mobility + Security E3 for Students,other_microsoft, 
Enterprise Mobility + Security E5,other_microsoft, 
Enterprise Mobility + Security E5 for Faculty,other_microsoft, 
Enterprise Mobility + Security E5 for Students,other_microsoft, 
Exchange Online (Plan 1),other_microsoft, 
Exchange Online (Plan 2),other_microsoft, 
Exchange Online Advanced Threat Protection ,other_microsoft, 
Exchange Online Advanced Threat Protection for faculty,other_microsoft, 
Exchange Online Advanced Threat Protection for students,other_microsoft, 
Exchange Online Archiving (EOA) for Exchange Server,other_microsoft, 
Exchange Online Archiving for Exchange Online,other_microsoft, 
Exchange Online Kiosk,other_microsoft, 
Exchange Online Protection,other_microsoft, 
"Flow Additional Runs per 50,000",other_microsoft, 
"Flow Additional Runs per 50,000 (Dyn365)",Dynamics 365, 
"Flow Additional Runs per 50,000 for Faculty",other_microsoft, 
"Flow Additional Runs per 50,000 for Faculty (Dyn365)",Dynamics 365, 
"Flow Additional Runs per 50,000 for Students",other_microsoft, 
"Flow Additional Runs per 50,000 for Students (Dyn365)",Dynamics 365, 
Microsoft 365 Business Preview,other_microsoft, 
Microsoft 365 E3,other_microsoft, 
Microsoft 365 E5,other_microsoft, 
Microsoft 365 E5 without PSTN Conferencing,other_microsoft, 
Microsoft Azure Multi-Factor Authentication,Microsoft Azure, 
Microsoft Cloud App Security,other_microsoft, 
Microsoft Flow P1,other_microsoft, 
Microsoft Flow P1 for Faculty,other_microsoft, 
Microsoft Flow P1 for Students,other_microsoft, 
Microsoft Flow P2,other_microsoft, 
Microsoft Flow P2 for Faculty,other_microsoft, 
Microsoft Flow P2 for Students,other_microsoft, 
Microsoft Intune,other_microsoft, 
Microsoft Intune Device,other_microsoft, 
Microsoft Intune for Education for Faculty,other_microsoft, 
Microsoft Intune for Education for Students,other_microsoft, 
Microsoft Intune™ Extra Storage,other_microsoft, 
Microsoft PowerApps P1,other_microsoft, 
Microsoft PowerApps P1 for Faculty,other_microsoft, 
Microsoft PowerApps P1 for Students,other_microsoft, 
Microsoft PowerApps P2,other_microsoft, 
Microsoft PowerApps P2 for Faculty,other_microsoft, 
Microsoft PowerApps P2 for Students,other_microsoft, 
Microsoft Social Engagement Additional 10K Posts,other_microsoft, 
Microsoft Social Engagement Additional 10k Posts (minimum 10 licenses),other_microsoft, 
Microsoft Social Engagement Additional 10k Posts (minimum 100 licenses),other_microsoft, 
Microsoft Stream Plan 2 for Office 365 Add-On,Microsoft Office 365, 
Microsoft Stream Plan 2 for Office 365 Add-On for faculty,Microsoft Office 365, 
Microsoft Stream Plan 2 for Office 365 Add-On for students,Microsoft Office 365, 
Minecraft: Education Edition,other_microsoft, 
Office 365 Advanced eDiscovery,Microsoft Office 365, 
Office 365 Advanced eDiscovery for faculty,Microsoft Office 365, 
Office 365 Advanced eDiscovery for students,Microsoft Office 365, 
Office 365 Advanced Security Management,Microsoft Office 365, 
Office 365 Business,Microsoft Office 365, 
Office 365 Business Essentials,Microsoft Office 365, 
Office 365 Business Premium,Microsoft Office 365, 
Office 365 Education E5 for faculty,Microsoft Office 365, 
Office 365 Education E5 for students,Microsoft Office 365, 
Office 365 Education for faculty,Microsoft Office 365, 
Office 365 Education for students,Microsoft Office 365, 
Office 365 Enterprise E1,Microsoft Office 365, 
Office 365 Enterprise E3,Microsoft Office 365, 
Office 365 Enterprise E4,Microsoft Office 365, 
Office 365 Enterprise E5,Microsoft Office 365, 
Office 365 Enterprise E5 without PSTN Conferencing,Microsoft Office 365, 
Office 365 Enterprise E5 without PSTN Conferencing,Microsoft Office 365, 
Office 365 Enterprise E5 without PSTN Conferencing for faculty,Microsoft Office 365, 
Office 365 Enterprise E5 without PSTN Conferencing for faculty,Microsoft Office 365, 
Office 365 Enterprise E5 without PSTN Conferencing for students,Microsoft Office 365, 
Office 365 Enterprise E5 without PSTN Conferencing for students,Microsoft Office 365, 
Office 365 Extra File Storage,Microsoft Office 365, 
Office 365 F1,Microsoft Office 365, 
Office 365 ProPlus,Microsoft Office 365, 
Office 365 ProPlus for faculty,Microsoft Office 365, 
Office 365 ProPlus for students,Microsoft Office 365, 
Office 365 Threat Intelligence,Microsoft Office 365, 
Office 365 Threat Intelligence for faculty,Microsoft Office 365, 
Office 365 Threat Intelligence for students,Microsoft Office 365, 
OneDrive for Business (Plan 1),other_microsoft, 
OneDrive for Business (Plan 2),other_microsoft, 
Power BI Premium P1,other_microsoft, 
Power BI Premium P1 for Faculty,other_microsoft, 
Power BI Premium P1 for Students,other_microsoft, 
Power BI Premium P2,other_microsoft, 
Power BI Premium P2 for Faculty,other_microsoft, 
Power BI Premium P2 for Students,other_microsoft, 
Power BI Premium P3,other_microsoft, 
Power BI Premium P3 for Faculty,other_microsoft, 
Power BI Premium P3 for Students,other_microsoft, 
Power BI Pro,other_microsoft, 
Power BI Pro for faculty,other_microsoft, 
Power BI Pro for students,other_microsoft, 
PowerApps Additional Data Storage,other_microsoft, 
PowerApps Additional Data Storage (Dyn365),Dynamics 365, 
PowerApps Additional Data Storage for Faculty,other_microsoft, 
PowerApps Additional Data Storage for Faculty (Dyn365),Dynamics 365, 
PowerApps Additional Data Storage for Students,other_microsoft, 
PowerApps Additional Data Storage for Students (Dyn365),Dynamics 365, 
PowerApps Additional File Storage per 500GB,other_microsoft, 
PowerApps Additional File Storage per 500GB (Dyn365),Dynamics 365, 
PowerApps Additional File Storage per 500GB for Faculty,other_microsoft, 
PowerApps Additional File Storage per 500GB for Faculty (Dyn365),Dynamics 365, 
PowerApps Additional File Storage per 500GB for Students,other_microsoft, 
PowerApps Additional File Storage per 500GB for Students (Dyn365),Dynamics 365, 
PowerApps Enterprise Environment,other_microsoft, 
PowerApps Enterprise Environment (Dyn365),Dynamics 365, 
PowerApps Enterprise Environment for Faculty,other_microsoft, 
PowerApps Enterprise Environment for Faculty (Dyn365),Dynamics 365, 
PowerApps Enterprise Environment for Students,other_microsoft, 
PowerApps Enterprise Environment for Students (Dyn365),Dynamics 365, 
PowerApps Professional Environment,other_microsoft, 
PowerApps Professional Environment (Dyn365),Dynamics 365, 
PowerApps Professional Environment for Faculty,other_microsoft, 
PowerApps Professional Environment for Faculty (Dyn365),Dynamics 365, 
PowerApps Professional Environment for Students,other_microsoft, 
PowerApps Professional Environment for Students (Dyn365),Dynamics 365, 
Project Online,other_microsoft, 
Project Online Essentials,other_microsoft, 
Project Online Premium,other_microsoft, 
Project Online Professional,other_microsoft, 
Project Online with Project Pro for Office 365,Microsoft Office 365, 
Project Pro for Office 365,Microsoft Office 365, 
SharePoint Online (Plan 1),other_microsoft, 
SharePoint Online (Plan 2),other_microsoft, 
Skype for Business Cloud PBX,other_microsoft, 
Skype for Business Cloud PBX for faculty,other_microsoft, 
Skype for Business Cloud PBX for students,other_microsoft, 
Skype for Business Online (Plan 1),other_microsoft, 
Skype for Business Online (Plan 2),other_microsoft, 
Skype for Business Plus CAL,other_microsoft, 
Skype for Business Plus CAL for faculty,other_microsoft, 
Skype for Business Plus CAL for students,other_microsoft, 
Skype for Business PSTN Conferencing,other_microsoft, 
Skype for Business PSTN Conferencing for E5 without PSTN Conferencing Customers,other_microsoft, 
Skype for Business PSTN Conferencing for E5 without PSTN Conferencing for faculty Customers,other_microsoft, 
Skype for Business PSTN Conferencing for E5 without PSTN Conferencing for students,other_microsoft, 
Skype for Business PSTN Conferencing for faculty,other_microsoft, 
Skype for Business PSTN Conferencing for students,other_microsoft, 
Skype for Business PSTN Domestic and International Calling,other_microsoft, 
Skype for Business PSTN Domestic and International Calling for faculty,other_microsoft, 
Skype for Business PSTN Domestic and International Calling for students,other_microsoft, 
Skype for Business PSTN Domestic Calling,other_microsoft, 
Skype for Business PSTN Domestic Calling for faculty,other_microsoft, 
Skype for Business PSTN Domestic Calling for students,other_microsoft, 
Visio Pro for Office 365,Microsoft Office 365, 
Windows 10 Enterprise E3,other_microsoft, 
Yammer Enterprise,other_microsoft, 
