brand,model,category
SuperMicro,MICROBLADE MBI-6118D-T2 ,Servers
SuperMicro,MICROBLADE MBI-6118D-T2H ,Servers
SuperMicro,MICROBLADE MBI-6118D-T4 ,Servers
SuperMicro,MICROBLADE MBI-6118D-T4H ,Servers
SuperMicro,MICROBLADE MBI-6118G-T41X ,Servers
SuperMicro,MICROBLADE MBI-6118G-T81X ,Servers
SuperMicro,MICROBLADE MBI-6119G-C2 ,Servers
SuperMicro,MICROBLADE MBI-6119G-C4 ,Servers
SuperMicro,MICROBLADE MBI-6119G-T4 ,Servers
SuperMicro,MICROBLADE MBI-6119G-T7LX ,Servers
SuperMicro,MICROBLADE MBI-6119G-T8HX,Servers
SuperMicro,MICROBLADE MBI-6128R-T2 ,Servers
SuperMicro,MICROBLADE MBI-6128R-T2X ,Servers
SuperMicro,MICROBLADE MBI-6218G-T41X ,Servers
SuperMicro,MICROBLADE MBI-6218G-T81X ,Servers
SuperMicro,MICROBLADE MBI-6219G-T  ,Servers
SuperMicro,MICROBLADE MBI-6219G-T7LX ,Servers
SuperMicro,MICROBLADE MBI-6219G-T8HX ,Servers
SuperMicro,MICROBLADE MBI-6418A-T5H ,Servers
SuperMicro,MICROBLADE MBI-6418A-T7H ,Servers
SuperMicro,MP SuperServer SYS-2048U-RTR4 ,Servers
SuperMicro,MP SuperServer SYS-4047R-7JRFT,Servers
SuperMicro,MP SuperServer SYS-4048B-TR4FT,Servers
SuperMicro,MP SuperServer SYS-4048B-TRFT,Servers
SuperMicro,MP SuperServer SYS-5086B-TRF,Servers
SuperMicro,MP SuperServer SYS-7088B-TR4FT,Servers
SuperMicro,MP SuperServer SYS-8016B-6F,Servers
SuperMicro,MP SuperServer SYS-8016B-TF,Servers
SuperMicro,MP SuperServer SYS-8016B-TLF ,Servers
SuperMicro,MP SuperServer SYS-8017R-7FT+,Servers
SuperMicro,MP SuperServer SYS-8017R-TF+,Servers
SuperMicro,MP SuperServer SYS-8026B-6RF ,Servers
SuperMicro,MP SuperServer SYS-8026B-TRF,Servers
SuperMicro,MP SuperServer SYS-8027R-7RFT+,Servers
SuperMicro,MP SuperServer SYS-8027R-TRF+ ,Servers
SuperMicro,MP SuperServer SYS-8028B-C0R3FT ,Servers
SuperMicro,MP SuperServer SYS-8028B-C0R4FT ,Servers
SuperMicro,MP SuperServer SYS-8028B-TR3F,Servers
SuperMicro,MP SuperServer SYS-8028B-TR4F,Servers
SuperMicro,MP SuperServer SYS-8046B-6RF,Servers
SuperMicro,MP SuperServer SYS-8046B-TRF,Servers
SuperMicro,MP SuperServer SYS-8046B-TRLF,Servers
SuperMicro,MP SuperServer SYS-8047R-7JRFT,Servers
SuperMicro,MP SuperServer SYS-8047R-7RFT+,Servers
SuperMicro,MP SuperServer SYS-8047R-TRF+,Servers
SuperMicro,MP SuperServer SYS-8048B-C0R3FT,Servers
SuperMicro,MP SuperServer SYS-8048B-C0R4FT ,Servers
SuperMicro,MP SuperServer SYS-8048B-TR3F,Servers
SuperMicro,MP SuperServer SYS-8048B-TR4F,Servers
SuperMicro,MP SuperServer SYS-8048B-TR4FT,Servers
SuperMicro,MP SuperServer SYS-8048B-TRFT,Servers
SuperMicro,SuperServer  6015P-8RB,Servers
SuperMicro,SuperServer 1015B-3B,Servers
SuperMicro,SuperServer 1015B-M3B ,Servers
SuperMicro,SuperServer 1016I-M6F,Servers
SuperMicro,SuperServer 1016I-UF,Servers
SuperMicro,SuperServer 1016T-M3FB,Servers
SuperMicro,SuperServer 1017C-TF ,Servers
SuperMicro,SuperServer 1017GR-TF,Servers
SuperMicro,SuperServer 1017R-MTF,Servers
SuperMicro,SuperServer 1017R-WR,Servers
SuperMicro,SuperServer 1018D-73MTF,Servers
SuperMicro,SuperServer 1018D-FRN8T,Servers
SuperMicro,SuperServer 1018GR-T,Servers
SuperMicro,SuperServer 1018R-WC0R,Servers
SuperMicro,SuperServer 1018R-WR,Servers
SuperMicro,SuperServer 1019S-M2,Servers
SuperMicro,SuperServer 1019S-MC0T,Servers
SuperMicro,SuperServer 1019S-WR,Servers
SuperMicro,SuperServer 1025C-3B,Servers
SuperMicro,SuperServer 1025C-M3B,Servers
SuperMicro,SuperServer 1025TC-10GB,Servers
SuperMicro,SuperServer 1025TC-3FB,Servers
SuperMicro,SuperServer 1025TC-TB,Servers
SuperMicro,SuperServer 1026GT-TF,Servers
SuperMicro,SuperServer 1026T-6RFT+,Servers
SuperMicro,SuperServer 1026T-M3,Servers
SuperMicro,SuperServer 1026TT-IBQF,Servers
SuperMicro,SuperServer 1026TT-IBXF ,Servers
SuperMicro,SuperServer 1026TT-TF,Servers
SuperMicro,SuperServer 1027B-MTF,Servers
SuperMicro,SuperServer 1027GR-72R2,Servers
SuperMicro,SuperServer 1027GR-72RT2,Servers
SuperMicro,SuperServer 1027GR-TQF,Servers
SuperMicro,SuperServer 1027GR-TQFT,Servers
SuperMicro,SuperServer 1027GR-TR2,Servers
SuperMicro,SuperServer 1027GR-TRF,Servers
SuperMicro,SuperServer 1027GR-TRF+,Servers
SuperMicro,SuperServer 1027GR-TRFT,Servers
SuperMicro,SuperServer 1027GR-TRFT+,Servers
SuperMicro,SuperServer 1027GR-TRT2,Servers
SuperMicro,SuperServer 1027GR-TSF,Servers
SuperMicro,SuperServer 1027R-72BRFTP,Servers
SuperMicro,SuperServer 1027R-72RFTP,Servers
SuperMicro,SuperServer 1027R-73DAF,Servers
SuperMicro,SuperServer 1027R-73DARF,Servers
SuperMicro,SuperServer 1027R-73DBRF,Servers
SuperMicro,SuperServer 1027R-N3RF,Servers
SuperMicro,SuperServer 1027R-WC1R,Servers
SuperMicro,SuperServer 1027R-WC1RT,Servers
SuperMicro,SuperServer 1027R-WRF,Servers
SuperMicro,SuperServer 1027R-WRF4+,Servers
SuperMicro,SuperServer 1027R-WRFT+,Servers
SuperMicro,SuperServer 1027R-WTRFTP,Servers
SuperMicro,SuperServer 1027TR-TF,Servers
SuperMicro,SuperServer 1027TR-TFF,Servers
SuperMicro,SuperServer 1027TR-TQF,Servers
SuperMicro,SuperServer 1028GQ-TR,Servers
SuperMicro,SuperServer 1028GQ-TRT,Servers
SuperMicro,SuperServer 1028GQ-TXR,Servers
SuperMicro,SuperServer 1028GQ-TXRT,Servers
SuperMicro,SuperServer 1028GR-TR,Servers
SuperMicro,SuperServer 1028GR-TRT,Servers
SuperMicro,SuperServer 1028R-MCT,Servers
SuperMicro,SuperServer 1028R-MCTR,Servers
SuperMicro,SuperServer 1028R-TDW,Servers
SuperMicro,SuperServer 1028R-WC1R,Servers
SuperMicro,SuperServer 1028R-WC1RT,Servers
SuperMicro,SuperServer 1028R-WMR,Servers
SuperMicro,SuperServer 1028R-WMRT,Servers
SuperMicro,SuperServer 1028R-WTNR,Servers
SuperMicro,SuperServer 1028R-WTNRT,Servers
SuperMicro,SuperServer 1028R-WTR,Servers
SuperMicro,SuperServer 1028R-WTRT,Servers
SuperMicro,SuperServer 1028TR-T,Servers
SuperMicro,SuperServer 1028TR-TF,Servers
SuperMicro,SuperServer 1028U-E1CR4+,Servers
SuperMicro,SuperServer 1028U-E1CRTP+,Servers
SuperMicro,SuperServer 1028U-TN10RT+,Servers
SuperMicro,SuperServer 1028U-TNR4T+,Servers
SuperMicro,SuperServer 1028U-TNRT+,Servers
SuperMicro,SuperServer 1028U-TNRTP+,Servers
SuperMicro,SuperServer 1028U-TR4+,Servers
SuperMicro,SuperServer 1028U-TR4T+,Servers
SuperMicro,SuperServer 1028U-TRT+,Servers
SuperMicro,SuperServer 1028UX-CR-LL1,Servers
SuperMicro,SuperServer 1028UX-CR-LL2,Servers
SuperMicro,SuperServer 1028UX-LL1-B8,Servers
SuperMicro,SuperServer 1028UX-LL2-B8,Servers
SuperMicro,SuperServer 1028UX-LL3-B8,Servers
SuperMicro,SuperServer 2015TA-HTRF,Servers
SuperMicro,SuperServer 2016Ti-HTRF,Servers
SuperMicro,SuperServer 2026TT-DLIBQRF,Servers
SuperMicro,SuperServer 2026TT-DLIBXRF,Servers
SuperMicro,SuperServer 2026TT-DLRF,Servers
SuperMicro,SuperServer 2026TT-H6IBQRF,Servers
SuperMicro,SuperServer 2026TT-H6IBXRF,Servers
SuperMicro,SuperServer 2026TT-H6RF,Servers
SuperMicro,SuperServer 2026TT-HIBQRF,Servers
SuperMicro,SuperServer 2026TT-HIBXRF,Servers
SuperMicro,SuperServer 2026TT-HTRF,Servers
SuperMicro,SuperServer 2027B-DE2R24L,Servers
SuperMicro,SuperServer 2027GR-TR2,Servers
SuperMicro,SuperServer 2027GR-TRF,Servers
SuperMicro,SuperServer 2027GR-TRFH,Servers
SuperMicro,SuperServer 2027GR-TRFHT,Servers
SuperMicro,SuperServer 2027GR-TRFT,Servers
SuperMicro,SuperServer 2027GR-TRT2,Servers
SuperMicro,SuperServer 2027GR-TSF,Servers
SuperMicro,SuperServer 2027PR-DC0FR,Servers
SuperMicro,SuperServer 2027PR-DC0R,Servers
SuperMicro,SuperServer 2027PR-DC0TR,Servers
SuperMicro,SuperServer 2027PR-DC1FR,Servers
SuperMicro,SuperServer 2027PR-DC1R,Servers
SuperMicro,SuperServer 2027PR-DC1TR,Servers
SuperMicro,SuperServer 2027PR-DTFR,Servers
SuperMicro,SuperServer 2027PR-DTR,Servers
SuperMicro,SuperServer 2027PR-DTTR,Servers
SuperMicro,SuperServer 2027PR-HC0FR,Servers
SuperMicro,SuperServer 2027PR-HC0R,Servers
SuperMicro,SuperServer 2027PR-HC0TR,Servers
SuperMicro,SuperServer 2027PR-HC1FR,Servers
SuperMicro,SuperServer 2027PR-HC1R,Servers
SuperMicro,SuperServer 2027PR-HC1TR,Servers
SuperMicro,SuperServer 2027PR-HTFR,Servers
SuperMicro,SuperServer 2027PR-HTR,Servers
SuperMicro,SuperServer 2027PR-HTTR,Servers
SuperMicro,SuperServer 2027R-72RFTP+,Servers
SuperMicro,SuperServer 2027R-AR24,Servers
SuperMicro,SuperServer 2027R-E1R24L,Servers
SuperMicro,SuperServer 2027R-E1R24N,Servers
SuperMicro,SuperServer 2027TR-D70FRF,Servers
SuperMicro,SuperServer 2027TR-D70QRF,Servers
SuperMicro,SuperServer 2027TR-D70RF,Servers
SuperMicro,SuperServer 2027TR-D70RF+,Servers
SuperMicro,SuperServer 2027TR-H70FRF,Servers
SuperMicro,SuperServer 2027TR-H70QRF,Servers
SuperMicro,SuperServer 2027TR-H70RF,Servers
SuperMicro,SuperServer 2027TR-H70RF+,Servers
SuperMicro,SuperServer 2027TR-H71FRF,Servers
SuperMicro,SuperServer 2027TR-H71QRF,Servers
SuperMicro,SuperServer 2027TR-H71RF,Servers
SuperMicro,SuperServer 2027TR-H71RF+,Servers
SuperMicro,SuperServer 2027TR-H72FRF,Servers
SuperMicro,SuperServer 2027TR-H72QRF,Servers
SuperMicro,SuperServer 2027TR-H72RF,Servers
SuperMicro,SuperServer 2027TR-H72RF+,Servers
SuperMicro,SuperServer 2027TR-HTFRF,Servers
SuperMicro,SuperServer 2027TR-HTQRF,Servers
SuperMicro,SuperServer 2027TR-HTRF,Servers
SuperMicro,SuperServer 2027TR-HTRF+,Servers
SuperMicro,SuperServer 2028GR-TR,Servers
SuperMicro,SuperServer 2028GR-TRH,Servers
SuperMicro,SuperServer 2028GR-TRHT,Servers
SuperMicro,SuperServer 2028GR-TRT,Servers
SuperMicro,SuperServer 2028R-ACR24H,Servers
SuperMicro,SuperServer 2028R-ACR24L,Servers
SuperMicro,SuperServer 2028R-C1R,Servers
SuperMicro,SuperServer 2028R-C1R4+,Servers
SuperMicro,SuperServer 2028R-C1RT,Servers
SuperMicro,SuperServer 2028R-C1RT4+,Servers
SuperMicro,SuperServer 2028R-E1CR24H,Servers
SuperMicro,SuperServer 2028R-E1CR24L,Servers
SuperMicro,SuperServer 2028R-E1CR24N,Servers
SuperMicro,SuperServer 2028R-E1CR48L,Servers
SuperMicro,SuperServer 2028R-E1CR48N,Servers
SuperMicro,SuperServer 2028R-NR48N,Servers
SuperMicro,SuperServer 2028R-TXR,Servers
SuperMicro,SuperServer 2028TP-DC0FR,Servers
SuperMicro,SuperServer 2028TP-DC0R,Servers
SuperMicro,SuperServer 2028TP-DC0TR,Servers
SuperMicro,SuperServer 2028TP-DC1FR,Servers
SuperMicro,SuperServer 2028TP-DC1R,Servers
SuperMicro,SuperServer 2028TP-DC1TR,Servers
SuperMicro,SuperServer 2028TP-DECFR,Servers
SuperMicro,SuperServer 2028TP-DECR,Servers
SuperMicro,SuperServer 2028TP-DECTR,Servers
SuperMicro,SuperServer 2028TP-DNCFR,Servers
SuperMicro,SuperServer 2028TP-DNCR,Servers
SuperMicro,SuperServer 2028TP-DNCTR,Servers
SuperMicro,SuperServer 2028TP-DTFR,Servers
SuperMicro,SuperServer 2028TP-DTR,Servers
SuperMicro,SuperServer 2028TP-DTTR,Servers
SuperMicro,SuperServer 2028TP-HC0FR,Servers
SuperMicro,SuperServer 2028TP-HC0R,Servers
SuperMicro,SuperServer 2028TP-HC0R-SIOM,Servers
SuperMicro,SuperServer 2028TP-HC0TR,Servers
SuperMicro,SuperServer 2028TP-HC1FR ,Servers
SuperMicro,SuperServer 2028TP-HC1R,Servers
SuperMicro,SuperServer 2028TP-HC1R-SIOM,Servers
SuperMicro,SuperServer 2028TP-HC1TR ,Servers
SuperMicro,SuperServer 2028TP-HTFR,Servers
SuperMicro,SuperServer 2028TP-HTR,Servers
SuperMicro,SuperServer 2028TP-HTR-SIOM,Servers
SuperMicro,SuperServer 2028TP-HTTR,Servers
SuperMicro,SuperServer 2028TR-H72FR,Servers
SuperMicro,SuperServer 2028TR-H72R,Servers
SuperMicro,SuperServer 2028TR-HTFR,Servers
SuperMicro,SuperServer 2028TR-HTR,Servers
SuperMicro,SuperServer 2028U-E1CNR4T+,Servers
SuperMicro,SuperServer 2028U-E1CNRT+,Servers
SuperMicro,SuperServer 2028UT-BC1NRT,Servers
SuperMicro,SuperServer 2028UT-BTNRT,Servers
SuperMicro,SuperServer 2028U-TN24R4T+,Servers
SuperMicro,SuperServer 2028U-TNR4T+,Servers
SuperMicro,SuperServer 2028U-TNRT+,Servers
SuperMicro,SuperServer 2028U-TR4+,Servers
SuperMicro,SuperServer 2028U-TR4T+,Servers
SuperMicro,SuperServer 2028U-TRT+,Servers
SuperMicro,SuperServer 2028U-TRTP+,Servers
SuperMicro,SuperServer 2048U-RTR4,Servers
SuperMicro,SuperServer 4027GR-TR,Servers
SuperMicro,SuperServer 4027GR-TRT,Servers
SuperMicro,SuperServer 4028GR-TR,Servers
SuperMicro,SuperServer 4028GR-TR2,Servers
SuperMicro,SuperServer 4028GR-TRT,Servers
SuperMicro,SuperServer 4028GR-TRT2,Servers
SuperMicro,SuperServer 4028GR-TXR,Servers
SuperMicro,SuperServer 4028GR-TXRT,Servers
SuperMicro,SuperServer 4047R-7JRFT,Servers
SuperMicro,SuperServer 4048B-TR4FT,Servers
SuperMicro,SuperServer 4048B-TRFT,Servers
SuperMicro,SuperServer 5012B-6,Servers
SuperMicro,SuperServer 5013C-M,Servers
SuperMicro,SuperServer 5013C-M8,Servers
SuperMicro,SuperServer 5013C-M8B,Servers
SuperMicro,SuperServer 5013C-MB,Servers
SuperMicro,SuperServer 5013C-MT,Servers
SuperMicro,SuperServer 5013C-MTB,Servers
SuperMicro,SuperServer 5013G-6,Servers
SuperMicro,SuperServer 5013G-6B,Servers
SuperMicro,SuperServer 5013G-i,Servers
SuperMicro,SuperServer 5013G-iB,Servers
SuperMicro,SuperServer 5013G-M ,Servers
SuperMicro,SuperServer 5013G-MB,Servers
SuperMicro,SuperServer 5014C-M8,Servers
SuperMicro,SuperServer 5014C-M8B,Servers
SuperMicro,SuperServer 5014C-MF,Servers
SuperMicro,SuperServer 5014C-MFB,Servers
SuperMicro,SuperServer 5014C-MR ,Servers
SuperMicro,SuperServer 5014C-MRB,Servers
SuperMicro,SuperServer 5014C-MT,Servers
SuperMicro,SuperServer 5014C-MTB,Servers
SuperMicro,SuperServer 5014C-T,Servers
SuperMicro,SuperServer 5014C-TB,Servers
SuperMicro,SuperServer 5015A-EHF,Servers
SuperMicro,SuperServer 5015A-EHF-D525,Servers
SuperMicro,SuperServer 5015A-PHF,Servers
SuperMicro,SuperServer 5015B-M3B ,Servers
SuperMicro,SuperServer 5015B-MF,Servers
SuperMicro,SuperServer 5015B-MFB,Servers
SuperMicro,SuperServer 5015B-MRB ,Servers
SuperMicro,SuperServer 5015B-MT,Servers
SuperMicro,SuperServer 5015B-MTB,Servers
SuperMicro,SuperServer 5015B-NTB,Servers
SuperMicro,SuperServer 5015B-NTRB,Servers
SuperMicro,SuperServer 5015B-T,Servers
SuperMicro,SuperServer 5015B-TB,Servers
SuperMicro,SuperServer 5015B-UB,Servers
SuperMicro,SuperServer 5015B-URB,Servers
SuperMicro,SuperServer 5015M-MF,Servers
SuperMicro,SuperServer 5015M-MF+,Servers
SuperMicro,SuperServer 5015M-MF+B,Servers
SuperMicro,SuperServer 5015M-MFB,Servers
SuperMicro,SuperServer 5015M-MR,Servers
SuperMicro,SuperServer 5015M-MR+,Servers
SuperMicro,SuperServer 5015M-MR+B,Servers
SuperMicro,SuperServer 5015M-MRB,Servers
SuperMicro,SuperServer 5015M-MT,Servers
SuperMicro,SuperServer 5015M-MT+,Servers
SuperMicro,SuperServer 5015M-MT+B,Servers
SuperMicro,SuperServer 5015M-MTB,Servers
SuperMicro,SuperServer 5015M-Ni,Servers
SuperMicro,SuperServer 5015M-NiB,Servers
SuperMicro,SuperServer 5015M-NTB,Servers
SuperMicro,SuperServer 5015M-NTRB,Servers
SuperMicro,SuperServer 5015M-NTRV,Servers
SuperMicro,SuperServer 5015M-NTV,Servers
SuperMicro,SuperServer 5015M-T,Servers
SuperMicro,SuperServer 5015M-T+,Servers
SuperMicro,SuperServer 5015M-T+B,Servers
SuperMicro,SuperServer 5015M-TB,Servers
SuperMicro,SuperServer 5015M-UB,Servers
SuperMicro,SuperServer 5015M-URB,Servers
SuperMicro,SuperServer 5015M-URV,Servers
SuperMicro,SuperServer 5015M-UV ,Servers
SuperMicro,SuperServer 5015P-8 ,Servers
SuperMicro,SuperServer 5015P-8B,Servers
SuperMicro,SuperServer 5015P-8R ,Servers
SuperMicro,SuperServer 5015P-8RB,Servers
SuperMicro,SuperServer 5015P-T,Servers
SuperMicro,SuperServer 5015P-TB,Servers
SuperMicro,SuperServer 5015P-TR,Servers
SuperMicro,SuperServer 5015P-TRB,Servers
SuperMicro,SuperServer 5015TB-10GB,Servers
SuperMicro,SuperServer 5015TB-TB,Servers
SuperMicro,SuperServer 5016I-M6F,Servers
SuperMicro,SuperServer 5016I-MR,Servers
SuperMicro,SuperServer 5016I-MRF,Servers
SuperMicro,SuperServer 5016I-MRHF,Servers
SuperMicro,SuperServer 5016I-MT,Servers
SuperMicro,SuperServer 5016I-MTF,Servers
SuperMicro,SuperServer 5016I-MTHF,Servers
SuperMicro,SuperServer 5016I-NTF,Servers
SuperMicro,SuperServer 5016I-T,Servers
SuperMicro,SuperServer 5016I-TF,Servers
SuperMicro,SuperServer 5016I-URF,Servers
SuperMicro,SuperServer 5016TI-TF,Servers
SuperMicro,SuperServer 5016T-MRB,Servers
SuperMicro,SuperServer 5016T-MTFB ,Servers
SuperMicro,SuperServer 5016T-TB,Servers
SuperMicro,SuperServer 5017A-EF,Servers
SuperMicro,SuperServer 5017A-EP,Servers
SuperMicro,SuperServer 5017C-LF,Servers
SuperMicro,SuperServer 5017C-MF,Servers
SuperMicro,SuperServer 5017C-MTF,Servers
SuperMicro,SuperServer 5017C-MTRF,Servers
SuperMicro,SuperServer 5017C-TF,Servers
SuperMicro,SuperServer 5017C-URF,Servers
SuperMicro,SuperServer 5017GR-TF,Servers
SuperMicro,SuperServer 5017P-TF ,Servers
SuperMicro,SuperServer 5017P-TLN4F ,Servers
SuperMicro,SuperServer 5017R-MF,Servers
SuperMicro,SuperServer 5017R-MTF,Servers
SuperMicro,SuperServer 5017R-MTRF,Servers
SuperMicro,SuperServer 5017R-WRF,Servers
SuperMicro,SuperServer 5018A-AR12L,Servers
SuperMicro,SuperServer 5018A-FTN4,Servers
SuperMicro,SuperServer 5018A-LTN4,Servers
SuperMicro,SuperServer 5018A-MHN4,Servers
SuperMicro,SuperServer 5018A-MLHN4,Servers
SuperMicro,SuperServer 5018A-MLTN4,Servers
SuperMicro,SuperServer 5018A-TN4,Servers
SuperMicro,SuperServer 5018A-TN7B,Servers
SuperMicro,SuperServer 5018D2-AR12L,Servers
SuperMicro,SuperServer 5018D4-AR12L,Servers
SuperMicro,SuperServer 5018D8-AR12L,Servers
SuperMicro,SuperServer 5018D-FN4T,Servers
SuperMicro,SuperServer 5018D-FN8T,Servers
SuperMicro,SuperServer 5018D-LN4T,Servers
SuperMicro,SuperServer 5018D-MF,Servers
SuperMicro,SuperServer 5018D-MTF,Servers
SuperMicro,SuperServer 5018D-MTLN4F,Servers
SuperMicro,SuperServer 5018D-MTRF,Servers
SuperMicro,SuperServer 5018GR-T,Servers
SuperMicro,SuperServer 5018R-M,Servers
SuperMicro,SuperServer 5018R-MR,Servers
SuperMicro,SuperServer 5018R-WR,Servers
SuperMicro,SuperServer 5019S-L,Servers
SuperMicro,SuperServer 5019S-M,Servers
SuperMicro,SuperServer 5019S-M2,Servers
SuperMicro,SuperServer 5019S-ML,Servers
SuperMicro,SuperServer 5019S-MN4,Servers
SuperMicro,SuperServer 5019S-MR,Servers
SuperMicro,SuperServer 5019S-MT,Servers
SuperMicro,SuperServer 5019S-TN4,Servers
SuperMicro,SuperServer 5019S-WR,Servers
SuperMicro,SuperServer 5025B-4B,Servers
SuperMicro,SuperServer 5025B-TB,Servers
SuperMicro,SuperServer 5025M-4,Servers
SuperMicro,SuperServer 5025M-4+,Servers
SuperMicro,SuperServer 5025M-4+B,Servers
SuperMicro,SuperServer 5025M-4B,Servers
SuperMicro,SuperServer 5025M-i,Servers
SuperMicro,SuperServer 5025M-i+,Servers
SuperMicro,SuperServer 5025M-i+B,Servers
SuperMicro,SuperServer 5025M-iB,Servers
SuperMicro,SuperServer 5025M-URB,Servers
SuperMicro,SuperServer 5025M-URV,Servers
SuperMicro,SuperServer 5026T-3F,Servers
SuperMicro,SuperServer 5026Ti-BTRF,Servers
SuperMicro,SuperServer 5026Ti-HTRF,Servers
SuperMicro,SuperServer 5026T-T,Servers
SuperMicro,SuperServer 5027R-WRF,Servers
SuperMicro,SuperServer 5028R-E1CR12L,Servers
SuperMicro,SuperServer 5028R-WR,Servers
SuperMicro,SuperServer 5037MC-H12TRF,Servers
SuperMicro,SuperServer 5037MR-H8TRF ,Servers
SuperMicro,SuperServer 5038MA-H24TRF,Servers
SuperMicro,SuperServer 5038MD-H8TRF ,Servers
SuperMicro,SuperServer 5038ML-H12TRF ,Servers
SuperMicro,SuperServer 5038ML-H24TRF ,Servers
SuperMicro,SuperServer 5039MS-H12TRF,Servers
SuperMicro,SuperServer 5039MS-H8TRF ,Servers
SuperMicro,SuperServer 5046A-XB,Servers
SuperMicro,SuperServer 5048R-E1CR36L,Servers
SuperMicro,SuperServer 5086B-TRF,Servers
SuperMicro,SuperServer 6012L-6,Servers
SuperMicro,SuperServer 6012L-6B,Servers
SuperMicro,SuperServer 6012P-6,Servers
SuperMicro,SuperServer 6012P-6B,Servers
SuperMicro,SuperServer 6013A-T,Servers
SuperMicro,SuperServer 6013A-TB,Servers
SuperMicro,SuperServer 6013E-i,Servers
SuperMicro,SuperServer 6013E-iB,Servers
SuperMicro,SuperServer 6013L-8,Servers
SuperMicro,SuperServer 6013L-8B,Servers
SuperMicro,SuperServer 6013P-8,Servers
SuperMicro,SuperServer 6013P-8+,Servers
SuperMicro,SuperServer 6013P-8+B,Servers
SuperMicro,SuperServer 6013P-8B,Servers
SuperMicro,SuperServer 6013P-i,Servers
SuperMicro,SuperServer 6013P-iB,Servers
SuperMicro,SuperServer 6013P-T,Servers
SuperMicro,SuperServer 6013P-TB,Servers
SuperMicro,SuperServer 6014A-8,Servers
SuperMicro,SuperServer 6014A-8B,Servers
SuperMicro,SuperServer 6014H-32,Servers
SuperMicro,SuperServer 6014H-32B,Servers
SuperMicro,SuperServer 6014H-8,Servers
SuperMicro,SuperServer 6014H-82,Servers
SuperMicro,SuperServer 6014H-82B,Servers
SuperMicro,SuperServer 6014H-8B,Servers
SuperMicro,SuperServer 6014H-i,Servers
SuperMicro,SuperServer 6014H-i2,Servers
SuperMicro,SuperServer 6014H-i2B,Servers
SuperMicro,SuperServer 6014H-iB,Servers
SuperMicro,SuperServer 6014H-T,Servers
SuperMicro,SuperServer 6014H-TB,Servers
SuperMicro,SuperServer 6014H-X8,Servers
SuperMicro,SuperServer 6014H-X8B,Servers
SuperMicro,SuperServer 6014H-Xi,Servers
SuperMicro,SuperServer 6014H-XiB,Servers
SuperMicro,SuperServer 6014L-M,Servers
SuperMicro,SuperServer 6014L-M4,Servers
SuperMicro,SuperServer 6014L-M4B,Servers
SuperMicro,SuperServer 6014L-MB,Servers
SuperMicro,SuperServer 6014L-T,Servers
SuperMicro,SuperServer 6014L-TB,Servers
SuperMicro,SuperServer 6014P-32,Servers
SuperMicro,SuperServer 6014P-32B,Servers
SuperMicro,SuperServer 6014P-32R ,Servers
SuperMicro,SuperServer 6014P-32RB,Servers
SuperMicro,SuperServer 6014P-8,Servers
SuperMicro,SuperServer 6014P-82,Servers
SuperMicro,SuperServer 6014P-82B,Servers
SuperMicro,SuperServer 6014P-82R,Servers
SuperMicro,SuperServer 6014P-82RB,Servers
SuperMicro,SuperServer 6014P-8B,Servers
SuperMicro,SuperServer 6014P-8R,Servers
SuperMicro,SuperServer 6014P-8RB,Servers
SuperMicro,SuperServer 6014P-T,Servers
SuperMicro,SuperServer 6014P-TB,Servers
SuperMicro,SuperServer 6014P-TR,Servers
SuperMicro,SuperServer 6014P-TRB,Servers
SuperMicro,SuperServer 6014V-M4,Servers
SuperMicro,SuperServer 6014V-M4B,Servers
SuperMicro,SuperServer 6014V-T2,Servers
SuperMicro,SuperServer 6014V-T2B,Servers
SuperMicro,SuperServer 6015B-3B,Servers
SuperMicro,SuperServer 6015B-3RB,Servers
SuperMicro,SuperServer 6015B-3RV,Servers
SuperMicro,SuperServer 6015B-3V,Servers
SuperMicro,SuperServer 6015B-8+B,Servers
SuperMicro,SuperServer 6015B-8+V,Servers
SuperMicro,SuperServer 6015B-8B,Servers
SuperMicro,SuperServer 6015B-8V,Servers
SuperMicro,SuperServer 6015B-T+B,Servers
SuperMicro,SuperServer 6015B-T+V,Servers
SuperMicro,SuperServer 6015B-TB,Servers
SuperMicro,SuperServer 6015B-TV,Servers
SuperMicro,SuperServer 6015C-M3,Servers
SuperMicro,SuperServer 6015C-M3B,Servers
SuperMicro,SuperServer 6015C-MT,Servers
SuperMicro,SuperServer 6015C-MTB,Servers
SuperMicro,SuperServer 6015P-8,Servers
SuperMicro,SuperServer 6015P-8B,Servers
SuperMicro,SuperServer 6015P-8R,Servers
SuperMicro,SuperServer 6015P-T,Servers
SuperMicro,SuperServer 6015P-TB,Servers
SuperMicro,SuperServer 6015P-TR,Servers
SuperMicro,SuperServer 6015P-TRB,Servers
SuperMicro,SuperServer 6015TC-10GB ,Servers
SuperMicro,SuperServer 6015TC-LFTB,Servers
SuperMicro,SuperServer 6015TC-TB,Servers
SuperMicro,SuperServer 6015T-INFB,Servers
SuperMicro,SuperServer 6015T-INFV,Servers
SuperMicro,SuperServer 6015T-TB,Servers
SuperMicro,SuperServer 6015T-TV,Servers
SuperMicro,SuperServer 6015TW-INFB,Servers
SuperMicro,SuperServer 6015TW-INFV,Servers
SuperMicro,SuperServer 6015TW-TB,Servers
SuperMicro,SuperServer 6015TW-TV,Servers
SuperMicro,SuperServer 6015V-M3,Servers
SuperMicro,SuperServer 6015V-M3B,Servers
SuperMicro,SuperServer 6015V-MR,Servers
SuperMicro,SuperServer 6015V-MRB,Servers
SuperMicro,SuperServer 6015V-MRLP,Servers
SuperMicro,SuperServer 6015V-MRLPB,Servers
SuperMicro,SuperServer 6015V-MT,Servers
SuperMicro,SuperServer 6015V-MTB,Servers
SuperMicro,SuperServer 6015V-T,Servers
SuperMicro,SuperServer 6015V-TB,Servers
SuperMicro,SuperServer 6015V-TLP,Servers
SuperMicro,SuperServer 6015V-TLPB,Servers
SuperMicro,SuperServer 6015X-3B,Servers
SuperMicro,SuperServer 6015X-3V,Servers
SuperMicro,SuperServer 6015X-8B,Servers
SuperMicro,SuperServer 6015X-8V,Servers
SuperMicro,SuperServer 6015X-TB,Servers
SuperMicro,SuperServer 6015X-TV,Servers
SuperMicro,SuperServer 6016GT-TF-TM1,Servers
SuperMicro,SuperServer 6016GT-TF-TM2,Servers
SuperMicro,SuperServer 6016T-GIBQF,Servers
SuperMicro,SuperServer 6016T-GIBXF,Servers
SuperMicro,SuperServer 6016T-GTF,Servers
SuperMicro,SuperServer 6016T-MR,Servers
SuperMicro,SuperServer 6016T-MT,Servers
SuperMicro,SuperServer 6016T-MTHF,Servers
SuperMicro,SuperServer 6016T-MTLF,Servers
SuperMicro,SuperServer 6016T-T,Servers
SuperMicro,SuperServer 6016TT-IBQF,Servers
SuperMicro,SuperServer 6016TT-IBXF,Servers
SuperMicro,SuperServer 6016TT-TF,Servers
SuperMicro,SuperServer 6016XT-TF,Servers
SuperMicro,SuperServer 6017B-MTF,Servers
SuperMicro,SuperServer 6017B-MTLF,Servers
SuperMicro,SuperServer 6017B-MTRF,Servers
SuperMicro,SuperServer 6017B-NTF,Servers
SuperMicro,SuperServer 6017B-URF,Servers
SuperMicro,SuperServer 6017R-72RFTP,Servers
SuperMicro,SuperServer 6017R-73HDP+,Servers
SuperMicro,SuperServer 6017R-73THDP+,Servers
SuperMicro,SuperServer 6017R-M7RF,Servers
SuperMicro,SuperServer 6017R-M7UF,Servers
SuperMicro,SuperServer 6017R-MTLF,Servers
SuperMicro,SuperServer 6017R-N3RF4+,Servers
SuperMicro,SuperServer 6017R-N3RFT+,Servers
SuperMicro,SuperServer 6017R-NTF,Servers
SuperMicro,SuperServer 6017R-TDAF,Servers
SuperMicro,SuperServer 6017R-TDF,Servers
SuperMicro,SuperServer 6017R-TDF+,Servers
SuperMicro,SuperServer 6017R-TDLF,Servers
SuperMicro,SuperServer 6017R-TDLRF,Servers
SuperMicro,SuperServer 6017R-TDT+,Servers
SuperMicro,SuperServer 6017R-WRF,Servers
SuperMicro,SuperServer 6017R-WTRFTP,Servers
SuperMicro,SuperServer 6017R-WTRFTP+,Servers
SuperMicro,SuperServer 6017TR-TF,Servers
SuperMicro,SuperServer 6017TR-TFF,Servers
SuperMicro,SuperServer 6017TR-TQF,Servers
SuperMicro,SuperServer 6018R-MD,Servers
SuperMicro,SuperServer 6018R-MDR,Servers
SuperMicro,SuperServer 6018R-MT,Servers
SuperMicro,SuperServer 6018R-MTR,Servers
SuperMicro,SuperServer 6018R-TD,Servers
SuperMicro,SuperServer 6018R-TD8,Servers
SuperMicro,SuperServer 6018R-TDTP,Servers
SuperMicro,SuperServer 6018R-TDTPR,Servers
SuperMicro,SuperServer 6018R-TDW,Servers
SuperMicro,SuperServer 6018R-WTR,Servers
SuperMicro,SuperServer 6018R-WTRT ,Servers
SuperMicro,SuperServer 6018TR-T,Servers
SuperMicro,SuperServer 6018TR-TF,Servers
SuperMicro,SuperServer 6018U-TR4+,Servers
SuperMicro,SuperServer 6018U-TR4T+,Servers
SuperMicro,SuperServer 6018U-TRT+,Servers
SuperMicro,SuperServer 6018U-TRTP+,Servers
SuperMicro,SuperServer 6022L-6,Servers
SuperMicro,SuperServer 6022L-6B,Servers
SuperMicro,SuperServer 6022P-6,Servers
SuperMicro,SuperServer 6022P-6B,Servers
SuperMicro,SuperServer 6023L-8R,Servers
SuperMicro,SuperServer 6023L-8RB,Servers
SuperMicro,SuperServer 6023P-8,Servers
SuperMicro,SuperServer 6023P-8B,Servers
SuperMicro,SuperServer 6023P-8R ,Servers
SuperMicro,SuperServer 6023P-8RB,Servers
SuperMicro,SuperServer 6023P-i,Servers
SuperMicro,SuperServer 6023P-iB,Servers
SuperMicro,SuperServer 6024H-32,Servers
SuperMicro,SuperServer 6024H-32B,Servers
SuperMicro,SuperServer 6024H-32R,Servers
SuperMicro,SuperServer 6024H-32RB,Servers
SuperMicro,SuperServer 6024H-82,Servers
SuperMicro,SuperServer 6024H-82B,Servers
SuperMicro,SuperServer 6024H-82R,Servers
SuperMicro,SuperServer 6024H-82R+,Servers
SuperMicro,SuperServer 6024H-82R+B,Servers
SuperMicro,SuperServer 6024H-82RB,Servers
SuperMicro,SuperServer 6024H-8R,Servers
SuperMicro,SuperServer 6024H-8RB,Servers
SuperMicro,SuperServer 6024H-i,Servers
SuperMicro,SuperServer 6024H-i2,Servers
SuperMicro,SuperServer 6024H-i2B,Servers
SuperMicro,SuperServer 6024H-iB,Servers
SuperMicro,SuperServer 6024H-T,Servers
SuperMicro,SuperServer 6024H-TB,Servers
SuperMicro,SuperServer 6024H-TR,Servers
SuperMicro,SuperServer 6024H-TRB,Servers
SuperMicro,SuperServer 6025B-3B,Servers
SuperMicro,SuperServer 6025B-3RB,Servers
SuperMicro,SuperServer 6025B-3RV,Servers
SuperMicro,SuperServer 6025B-3V,Servers
SuperMicro,SuperServer 6025B-8,Servers
SuperMicro,SuperServer 6025B-8B,Servers
SuperMicro,SuperServer 6025B-8R+B,Servers
SuperMicro,SuperServer 6025B-8R+V,Servers
SuperMicro,SuperServer 6025B-T,Servers
SuperMicro,SuperServer 6025B-TB,Servers
SuperMicro,SuperServer 6025B-TR+B,Servers
SuperMicro,SuperServer 6025B-TR+V ,Servers
SuperMicro,SuperServer 6025W-NTR+B,Servers
SuperMicro,SuperServer 6025W-NTR+V,Servers
SuperMicro,SuperServer 6026T-3RF,Servers
SuperMicro,SuperServer 6026TT-BIBQF,Servers
SuperMicro,SuperServer 6026TT-BIBQRF,Servers
SuperMicro,SuperServer 6026TT-BIBXF,Servers
SuperMicro,SuperServer 6026TT-BIBXRF,Servers
SuperMicro,SuperServer 6026TT-BTF,Servers
SuperMicro,SuperServer 6026TT-BTRF,Servers
SuperMicro,SuperServer 6026TT-D6IBQRF,Servers
SuperMicro,SuperServer 6026TT-D6IBXRF,Servers
SuperMicro,SuperServer 6026TT-D6RF,Servers
SuperMicro,SuperServer 6026T-TF,Servers
SuperMicro,SuperServer 6026TT-GIBXRF,Servers
SuperMicro,SuperServer 6026TT-GTRF,Servers
SuperMicro,SuperServer 6026TT-H6IBQRF,Servers
SuperMicro,SuperServer 6026TT-H6IBXRF,Servers
SuperMicro,SuperServer 6026TT-H6RF,Servers
SuperMicro,SuperServer 6026TT-HDIBQRF,Servers
SuperMicro,SuperServer 6026TT-HDIBXRF,Servers
SuperMicro,SuperServer 6026TT-HDTRF,Servers
SuperMicro,SuperServer 6026TT-HIBQF,Servers
SuperMicro,SuperServer 6026TT-HIBQRF,Servers
SuperMicro,SuperServer 6026TT-HIBXF,Servers
SuperMicro,SuperServer 6026TT-HIBXRF,Servers
SuperMicro,SuperServer 6026TT-HTF,Servers
SuperMicro,SuperServer 6026TT-HTRF,Servers
SuperMicro,SuperServer 6026TT-IBQF,Servers
SuperMicro,SuperServer 6026TT-IBXF,Servers
SuperMicro,SuperServer 6026TT-TF,Servers
SuperMicro,SuperServer 6027AX-72RF,Servers
SuperMicro,SuperServer 6027AX-72RF-HFT1,Servers
SuperMicro,SuperServer 6027AX-72RF-HFT2,Servers
SuperMicro,SuperServer 6027AX-72RF-HFT3,Servers
SuperMicro,SuperServer 6027AX-TRF,Servers
SuperMicro,SuperServer 6027AX-TRF-HFT1,Servers
SuperMicro,SuperServer 6027AX-TRF-HFT2,Servers
SuperMicro,SuperServer 6027AX-TRF-HFT3,Servers
SuperMicro,SuperServer 6027B-TLF,Servers
SuperMicro,SuperServer 6027B-URF,Servers
SuperMicro,SuperServer 6027PR-HC0FR,Servers
SuperMicro,SuperServer 6027PR-HC0R,Servers
SuperMicro,SuperServer 6027PR-HC0TR,Servers
SuperMicro,SuperServer 6027PR-HC1FR,Servers
SuperMicro,SuperServer 6027PR-HC1R,Servers
SuperMicro,SuperServer 6027PR-HC1TR,Servers
SuperMicro,SuperServer 6027PR-HTFR,Servers
SuperMicro,SuperServer 6027PR-HTR,Servers
SuperMicro,SuperServer 6027PR-HTTR,Servers
SuperMicro,SuperServer 6027R-3RF4+,Servers
SuperMicro,SuperServer 6027R-72RF ,Servers
SuperMicro,SuperServer 6027R-72RFT,Servers
SuperMicro,SuperServer 6027R-72RFT+,Servers
SuperMicro,SuperServer 6027R-72RFTP+,Servers
SuperMicro,SuperServer 6027R-73DARF,Servers
SuperMicro,SuperServer 6027R-CDNRT+,Servers
SuperMicro,SuperServer 6027R-E1R12L,Servers
SuperMicro,SuperServer 6027R-E1R12N,Servers
SuperMicro,SuperServer 6027R-E1R12T,Servers
SuperMicro,SuperServer 6027R-TDARF,Servers
SuperMicro,SuperServer 6027R-TDT+,Servers
SuperMicro,SuperServer 6027R-TRF,Servers
SuperMicro,SuperServer 6027TR-D70FRF,Servers
SuperMicro,SuperServer 6027TR-D70QRF,Servers
SuperMicro,SuperServer 6027TR-D70RF,Servers
SuperMicro,SuperServer 6027TR-D70RF+,Servers
SuperMicro,SuperServer 6027TR-D71FRF,Servers
SuperMicro,SuperServer 6027TR-D71QRF,Servers
SuperMicro,SuperServer 6027TR-D71RF,Servers
SuperMicro,SuperServer 6027TR-D71RF+,Servers
SuperMicro,SuperServer 6027TR-DTFRF,Servers
SuperMicro,SuperServer 6027TR-DTQRF,Servers
SuperMicro,SuperServer 6027TR-DTRF,Servers
SuperMicro,SuperServer 6027TR-DTRF+,Servers
SuperMicro,SuperServer 6027TR-H70FRF,Servers
SuperMicro,SuperServer 6027TR-H70QRF,Servers
SuperMicro,SuperServer 6027TR-H70RF,Servers
SuperMicro,SuperServer 6027TR-H70RF+,Servers
SuperMicro,SuperServer 6027TR-H71FRF,Servers
SuperMicro,SuperServer 6027TR-H71QRF,Servers
SuperMicro,SuperServer 6027TR-H71RF,Servers
SuperMicro,SuperServer 6027TR-HTFRF,Servers
SuperMicro,SuperServer 6027TR-HTQRF,Servers
SuperMicro,SuperServer 6027TR-HTRF,Servers
SuperMicro,SuperServer 6027TR-HTRF+,Servers
SuperMicro,SuperServer 6028R-E1CR12H,Servers
SuperMicro,SuperServer 6028R-E1CR12L,Servers
SuperMicro,SuperServer 6028R-E1CR12N,Servers
SuperMicro,SuperServer 6028R-E1CR12T,Servers
SuperMicro,SuperServer 6028R-E1CR16T,Servers
SuperMicro,SuperServer 6028R-E1CR24L,Servers
SuperMicro,SuperServer 6028R-E1CR24N,Servers
SuperMicro,SuperServer 6028R-T,Servers
SuperMicro,SuperServer 6028R-TDWNR,Servers
SuperMicro,SuperServer 6028R-TR ,Servers
SuperMicro,SuperServer 6028R-TRT,Servers
SuperMicro,SuperServer 6028R-TT,Servers
SuperMicro,SuperServer 6028R-WTR,Servers
SuperMicro,SuperServer 6028R-WTRT,Servers
SuperMicro,SuperServer 6028TP-DNCFR,Servers
SuperMicro,SuperServer 6028TP-DNCR,Servers
SuperMicro,SuperServer 6028TP-DNCTR,Servers
SuperMicro,SuperServer 6028TP-HC0FR,Servers
SuperMicro,SuperServer 6028TP-HC0R,Servers
SuperMicro,SuperServer 6028TP-HC0R-SIOM,Servers
SuperMicro,SuperServer 6028TP-HC0TR,Servers
SuperMicro,SuperServer 6028TP-HC1FR ,Servers
SuperMicro,SuperServer 6028TP-HC1R,Servers
SuperMicro,SuperServer 6028TP-HC1R-SIOM,Servers
SuperMicro,SuperServer 6028TP-HC1TR ,Servers
SuperMicro,SuperServer 6028TP-HTFR,Servers
SuperMicro,SuperServer 6028TP-HTR,Servers
SuperMicro,SuperServer 6028TP-HTR-SIOM,Servers
SuperMicro,SuperServer 6028TP-HTTR,Servers
SuperMicro,SuperServer 6028TR-D72R,Servers
SuperMicro,SuperServer 6028TR-DTR,Servers
SuperMicro,SuperServer 6028TR-HTFR,Servers
SuperMicro,SuperServer 6028TR-HTR,Servers
SuperMicro,SuperServer 6028U-E1CNRT+,Servers
SuperMicro,SuperServer 6028U-TNR4T+,Servers
SuperMicro,SuperServer 6028U-TNRT+,Servers
SuperMicro,SuperServer 6028U-TR4+,Servers
SuperMicro,SuperServer 6028U-TR4T+,Servers
SuperMicro,SuperServer 6028U-TRT+,Servers
SuperMicro,SuperServer 6028U-TRTP+,Servers
SuperMicro,SuperServer 6028UX-TR4,Servers
SuperMicro,SuperServer 6034H-X8RB,Servers
SuperMicro,SuperServer 6035B-8 ,Servers
SuperMicro,SuperServer 6035B-8RB ,Servers
SuperMicro,SuperServer 6037R-72RF,Servers
SuperMicro,SuperServer 6037R-72RFT ,Servers
SuperMicro,SuperServer 6037R-72RFT+  ,Servers
SuperMicro,SuperServer 6037R-E1R16L ,Servers
SuperMicro,SuperServer 6037R-TXRF  ,Servers
SuperMicro,SuperServer 6038R-E1CR16L ,Servers
SuperMicro,SuperServer 6046T-TUF,Servers
SuperMicro,SuperServer 6047R-E1CR36L,Servers
SuperMicro,SuperServer 6047R-E1CR36N,Servers
SuperMicro,SuperServer 6047R-E1R24L,Servers
SuperMicro,SuperServer 6047R-E1R24N,Servers
SuperMicro,SuperServer 6047R-E1R36L,Servers
SuperMicro,SuperServer 6047R-E1R36N,Servers
SuperMicro,SuperServer 6047R-E1R72L,Servers
SuperMicro,SuperServer 6047R-E1R72L2K,Servers
SuperMicro,SuperServer 6047R-TXRF,Servers
SuperMicro,SuperServer 6048R-E1CR24H,Servers
SuperMicro,SuperServer 6048R-E1CR24L,Servers
SuperMicro,SuperServer 6048R-E1CR24N,Servers
SuperMicro,SuperServer 6048R-E1CR36H,Servers
SuperMicro,SuperServer 6048R-E1CR36L,Servers
SuperMicro,SuperServer 6048R-E1CR36N,Servers
SuperMicro,SuperServer 6048R-E1CR60L,Servers
SuperMicro,SuperServer 6048R-E1CR60N,Servers
SuperMicro,SuperServer 6048R-E1CR72L,Servers
SuperMicro,SuperServer 6048R-E1CR90L,Servers
SuperMicro,SuperServer 6048R-TXR,Servers
SuperMicro,SuperServer 7044A-i2,Servers
SuperMicro,SuperServer 7044A-i2B,Servers
SuperMicro,SuperServer 7044H-32R,Servers
SuperMicro,SuperServer 7044H-32RB,Servers
SuperMicro,SuperServer 7044H-82 ,Servers
SuperMicro,SuperServer 7044H-82B,Servers
SuperMicro,SuperServer 7044H-82R,Servers
SuperMicro,SuperServer 7044H-82R+,Servers
SuperMicro,SuperServer 7044H-82R+B,Servers
SuperMicro,SuperServer 7044H-82RB,Servers
SuperMicro,SuperServer 7044H-T ,Servers
SuperMicro,SuperServer 7044H-TB,Servers
SuperMicro,SuperServer 7044H-TR,Servers
SuperMicro,SuperServer 7044H-TRB,Servers
SuperMicro,SuperServer 7044H-X8R,Servers
SuperMicro,SuperServer 7044H-X8RB,Servers
SuperMicro,SuperServer 7045A-3 ,Servers
SuperMicro,SuperServer 7045A-3B,Servers
SuperMicro,SuperServer 7045A-8,Servers
SuperMicro,SuperServer 7045A-C3B,Servers
SuperMicro,SuperServer 7045A-CTB,Servers
SuperMicro,SuperServer 7045A-T,Servers
SuperMicro,SuperServer 7045A-TB,Servers
SuperMicro,SuperServer 7045A-WT,Servers
SuperMicro,SuperServer 7045B-3,Servers
SuperMicro,SuperServer 7045B-3B,Servers
SuperMicro,SuperServer 7045B-8R+,Servers
SuperMicro,SuperServer 7045B-8R+B,Servers
SuperMicro,SuperServer 7045B-T ,Servers
SuperMicro,SuperServer 7045B-TB,Servers
SuperMicro,SuperServer 7045B-TR+,Servers
SuperMicro,SuperServer 7045B-TR+B,Servers
SuperMicro,SuperServer 7045W-NTR+,Servers
SuperMicro,SuperServer 7046A-3,Servers
SuperMicro,SuperServer 7046A-6,Servers
SuperMicro,SuperServer 7046A-HR+,Servers
SuperMicro,SuperServer 7046A-HR+F,Servers
SuperMicro,SuperServer 7046A-T,Servers
SuperMicro,SuperServer 7046GT-TRF,Servers
SuperMicro,SuperServer 7046GT-TRF-TC4,Servers
SuperMicro,SuperServer 7046T-3R,Servers
SuperMicro,SuperServer 7046T-6F,Servers
SuperMicro,SuperServer 7046T-H6R,Servers
SuperMicro,SuperServer 7046T-NTR+,Servers
SuperMicro,SuperServer 7047A-73,Servers
SuperMicro,SuperServer 7047A-T,Servers
SuperMicro,SuperServer 7047AX-72RF,Servers
SuperMicro,SuperServer 7047AX-TRF ,Servers
SuperMicro,SuperServer 7047GR-TPRF,Servers
SuperMicro,SuperServer 7047GR-TRF,Servers
SuperMicro,SuperServer 7047R-3RF4+,Servers
SuperMicro,SuperServer 7047R-72RF,Servers
SuperMicro,SuperServer 7047R-72RFT,Servers
SuperMicro,SuperServer 7047R-TRF,Servers
SuperMicro,SuperServer 7047R-TXRF,Servers
SuperMicro,SuperServer 7048A-T,Servers
SuperMicro,SuperServer 7048GR-TR,Servers
SuperMicro,SuperServer 7048R-C1R,Servers
SuperMicro,SuperServer 7048R-C1R4+,Servers
SuperMicro,SuperServer 7048R-C1RT,Servers
SuperMicro,SuperServer 7048R-C1RT4+,Servers
SuperMicro,SuperServer 7048R-TR,Servers
SuperMicro,SuperServer 7048R-TRT,Servers
SuperMicro,SuperServer 8014T-T,Servers
SuperMicro,SuperServer 8014T-TB,Servers
SuperMicro,SuperServer 8015C-TB,Servers
SuperMicro,SuperServer 8016B-6F,Servers
SuperMicro,SuperServer 8016B-TF,Servers
SuperMicro,SuperServer 8016B-TLF,Servers
SuperMicro,SuperServer 8017R-7FT+,Servers
SuperMicro,SuperServer 8017R-TF+,Servers
SuperMicro,SuperServer 8025C-3RB,Servers
SuperMicro,SuperServer 8026B-6RF,Servers
SuperMicro,SuperServer 8026B-TRF,Servers
SuperMicro,SuperServer 8027R-7RFT+,Servers
SuperMicro,SuperServer 8027R-TRF+,Servers
SuperMicro,SuperServer 8028B-C0R3FT,Servers
SuperMicro,SuperServer 8028B-C0R4FT,Servers
SuperMicro,SuperServer 8028B-TR3F,Servers
SuperMicro,SuperServer 8028B-TR4F,Servers
SuperMicro,SuperServer 8044T-8R,Servers
SuperMicro,SuperServer 8044T-8RB,Servers
SuperMicro,SuperServer 8045C-3RB,Servers
SuperMicro,SuperServer 8046B-6RF,Servers
SuperMicro,SuperServer 8046B-TRF,Servers
SuperMicro,SuperServer 8046B-TRLF,Servers
SuperMicro,SuperServer 8047R-7JRFT,Servers
SuperMicro,SuperServer 8047R-7RFT+,Servers
SuperMicro,SuperServer 8047R-TRF+,Servers
SuperMicro,SuperServer 8048B-C0R3FT,Servers
SuperMicro,SuperServer 8048B-C0R4FT,Servers
SuperMicro,SuperServer 8048B-TR3F,Servers
SuperMicro,SuperServer 8048B-TR4F,Servers
SuperMicro,SuperServer 8048B-TR4FT,Servers
SuperMicro,SuperServer 8048B-TRFT,Servers
SuperMicro,SuperServer F617R2-F72+ ,Servers
SuperMicro,SuperServer F617R2-F73,Servers
SuperMicro,SuperServer F617R2-FT ,Servers
SuperMicro,SuperServer F617R2-FT+ ,Servers
SuperMicro,SuperServer F617R2-FTPT+ ,Servers
SuperMicro,SuperServer F617R2-R72+,Servers
SuperMicro,SuperServer F617R2-RT+,Servers
SuperMicro,SuperServer F617R3-FT,Servers
SuperMicro,SuperServer F617R3-FT+,Servers
SuperMicro,SuperServer F617R3-FTPT+,Servers
SuperMicro,SuperServer F618H6-FT+,Servers
SuperMicro,SuperServer F618H6-FTL+ ,Servers
SuperMicro,SuperServer F618H6-FTPT+ ,Servers
SuperMicro,SuperServer F618H6-FTPTL+,Servers
SuperMicro,SuperServer F618R2-FC0 ,Servers
SuperMicro,SuperServer F618R2-FT ,Servers
SuperMicro,SuperServer F618R2-FT+,Servers
SuperMicro,SuperServer F618R2-FTPT+ ,Servers
SuperMicro,SuperServer F618R2-R72+,Servers
SuperMicro,SuperServer F618R2-R72PT+,Servers
SuperMicro,SuperServer F618R2-RC0+,Servers
SuperMicro,SuperServer F618R2-RC0PT+,Servers
SuperMicro,SuperServer F618R2-RC1+,Servers
SuperMicro,SuperServer F618R2-RC1PT+,Servers
SuperMicro,SuperServer F618R2-RT+,Servers
SuperMicro,SuperServer F618R2-RTN+,Servers
SuperMicro,SuperServer F618R2-RTPT+,Servers
SuperMicro,SuperServer F618R2-RTPTN+,Servers
SuperMicro,SuperServer F618R3-FT,Servers
SuperMicro,SuperServer F618R3-FT+,Servers
SuperMicro,SuperServer F618R3-FTPT+ ,Servers
SuperMicro,SuperServer F627G2-F73+,Servers
SuperMicro,SuperServer F627G2-F73PT+,Servers
SuperMicro,SuperServer F627G2-FT+,Servers
SuperMicro,SuperServer F627G2-FTPT+,Servers
SuperMicro,SuperServer F627G3-F73+,Servers
SuperMicro,SuperServer F627G3-F73PT+,Servers
SuperMicro,SuperServer F627G3-FT+,Servers
SuperMicro,SuperServer F627G3-FTPT+,Servers
SuperMicro,SuperServer F627R2-F72+,Servers
SuperMicro,SuperServer F627R2-F72PT+,Servers
SuperMicro,SuperServer F627R2-F73,Servers
SuperMicro,SuperServer F627R2-FT+,Servers
SuperMicro,SuperServer F627R2-FTPT+,Servers
SuperMicro,SuperServer F627R2-RT+,Servers
SuperMicro,SuperServer F627R2-RTB+,Servers
SuperMicro,SuperServer F627R3-F72+,Servers
SuperMicro,SuperServer F627R3-F72PT+,Servers
SuperMicro,SuperServer F627R3-F73,Servers
SuperMicro,SuperServer F627R3-FT,Servers
SuperMicro,SuperServer F627R3-FT+,Servers
SuperMicro,SuperServer F627R3-FTPT+,Servers
SuperMicro,SuperServer F627R3-R72B+,Servers
SuperMicro,SuperServer F627R3-RTB+,Servers
SuperMicro,SuperServer F628R2-FC0 ,Servers
SuperMicro,SuperServer F628R2-FC0+ ,Servers
SuperMicro,SuperServer F628R2-FC0PT+ ,Servers
SuperMicro,SuperServer F628R2-FT+ ,Servers
SuperMicro,SuperServer F628R2-FTPT+ ,Servers
SuperMicro,SuperServer F628R3-FC0 ,Servers
SuperMicro,SuperServer F628R3-FC0+ ,Servers
SuperMicro,SuperServer F628R3-FC0PT+ ,Servers
SuperMicro,SuperServer F628R3-FT ,Servers
SuperMicro,SuperServer F628R3-FT+ ,Servers
SuperMicro,SuperServer F628R3-FTPT+ ,Servers
SuperMicro,SuperServer F628R3-R72B+,Servers
SuperMicro,SuperServer F628R3-R72BPT+,Servers
SuperMicro,SuperServer F628R3-RC0B+,Servers
SuperMicro,SuperServer F628R3-RC0BPT+,Servers
SuperMicro,SuperServer F628R3-RC1B+,Servers
SuperMicro,SuperServer F628R3-RC1BPT+,Servers
SuperMicro,SuperServer F628R3-RTB+,Servers
SuperMicro,SuperServer F628R3-RTBN+,Servers
SuperMicro,SuperServer F628R3-RTBPT+,Servers
SuperMicro,SuperServer F628R3-RTBPTN+,Servers
SuperMicro,SuperServer F647G2-F73+,Servers
SuperMicro,SuperServer F647G2-F73PT+,Servers
SuperMicro,SuperServer F647G2-FT+,Servers
SuperMicro,SuperServer F647G2-FTPT+ ,Servers
SuperMicro,SuperServer F648G2-FC0+,Servers
SuperMicro,SuperServer F648G2-FC0PT+ ,Servers
SuperMicro,SuperServer F648G2-FT+,Servers
SuperMicro,SuperServer F648G2-FTPT+ ,Servers
SuperMicro,SuperServer 1027B-URF,Servers
SuperMicro,SuperServer 5037MC-H86RF,Servers
SuperMicro,SuperServer 5037MC-H8TRF,Servers
SuperMicro,SuperServer 5038ML-H8TRF,Servers
SuperMicro,SuperServer 6033P-8R,Servers
SuperMicro,SuperServer 6033P-8RB,Servers
SuperMicro,SuperServer 6034H-X8R,Servers
SuperMicro,SuperServer 6035B-8B,Servers
SuperMicro,SuperServer 6035B-8R ,Servers
SuperMicro,SuperServer 6035B-8R+B  ,Servers
SuperMicro,SuperServer 6035B-8R+V ,Servers
SuperMicro,SuperServer 6036T-6RF,Servers
SuperMicro,SuperServer 6036T-TF,Servers
SuperMicro,SuperServer 6037B-DE2R16L,Servers
SuperMicro,SuperServer 6037R-E1R16N,Servers
SuperMicro,SuperServer 6038R-E1CR16H,Servers
SuperMicro,SuperServer 6038R-E1CR16N ,Servers
SuperMicro,SuperServer 6038R-TXR,Servers
SuperMicro,SuperServer7045A-8B,Servers
SuperMicro,SuperStorage SSG-2027B-DE2R24L,Storage
SuperMicro,SuperStorage SSG-2028R-ACR24H,Storage
SuperMicro,SuperStorage SSG-2028R-ACR24L,Storage
SuperMicro,SuperStorage SSG-2028R-DE2CR24L,Storage
SuperMicro,SuperStorage SSG-2028R-DN2R40L,Storage
SuperMicro,SuperStorage SSG-2028R-E1CR24H,Storage
SuperMicro,SuperStorage SSG-2028R-E1CR24L,Storage
SuperMicro,SuperStorage SSG-2028R-E1CR24N ,Storage
SuperMicro,SuperStorage SSG-2028R-E1CR48L ,Storage
SuperMicro,SuperStorage SSG-2028R-E1CR48N,Storage
SuperMicro,SuperStorage SSG-2028R-NR48N ,Storage
SuperMicro,SuperStorage SSG-5018A-AR12L,Storage
SuperMicro,SuperStorage SSG-5018D2-AR12L ,Storage
SuperMicro,SuperStorage SSG-5018D4-AR12L ,Storage
SuperMicro,SuperStorage SSG-5018D8-AR12L ,Storage
SuperMicro,SuperStorage SSG-5028R-E1CR12L,Storage
SuperMicro,SuperStorage SSG-5048R-E1CR36L,Storage
SuperMicro,SuperStorage SSG-6028R-E1CR12H,Storage
SuperMicro,SuperStorage SSG-6028R-E1CR12L,Storage
SuperMicro,SuperStorage SSG-6028R-E1CR12N,Storage
SuperMicro,SuperStorage SSG-6028R-E1CR12T,Storage
SuperMicro,SuperStorage SSG-6028R-E1CR16T,Storage
SuperMicro,SuperStorage SSG-6028R-E1CR24L,Storage
SuperMicro,SuperStorage SSG-6028R-E1CR24N,Storage
SuperMicro,SuperStorage SSG-6037B-DE2R16L,Storage
SuperMicro,SuperStorage SSG-6038R-DE2CR16L,Storage
SuperMicro,SuperStorage SSG-6038R-E1CR16H,Storage
SuperMicro,SuperStorage SSG-6038R-E1CR16L,Storage
SuperMicro,SuperStorage SSG-6038R-E1CR16N,Storage
SuperMicro,SuperStorage SSG-6048R-DE2CR24L ,Storage
SuperMicro,SuperStorage SSG-6048R-E1CR24H ,Storage
SuperMicro,SuperStorage SSG-6048R-E1CR24L,Storage
SuperMicro,SuperStorage SSG-6048R-E1CR24N,Storage
SuperMicro,SuperStorage SSG-6048R-E1CR36H,Storage
SuperMicro,SuperStorage SSG-6048R-E1CR36L,Storage
SuperMicro,SuperStorage SSG-6048R-E1CR60L,Storage
SuperMicro,SuperStorage SSG-6048R-E1CR60N,Storage
SuperMicro,SuperStorage SSG-6048R-E1CR72L,Storage
SuperMicro,SuperStorage SSG-6048R-E1CR90L,Storage
SuperMicro,SuperStorage SSG-927R-E2CJB,Storage
SuperMicro,SuperStorage SSG-937R-E2CJB,Storage
SuperMicro,SuperStorage SSG-947R-E2CJB,Storage
SuperMicro,SuperStorage SYS-937R-E2JB,Storage
SuperMicro,SuperStorage SSG-6048R-E1CR36N,Storage